Planning Area,AGE,Population
ANG MO KIO TOWN CENTRE,0 - 4 years,170
CHENG SAN,0 - 4 years,1060
CHONG BOON,0 - 4 years,860
KEBUN BAHRU,0 - 4 years,660
SEMBAWANG HILLS,0 - 4 years,210
SHANGRI-LA,0 - 4 years,550
TAGORE,0 - 4 years,210
TOWNSVILLE,0 - 4 years,660
YIO CHU KANG,0 - 4 years,-
YIO CHU KANG EAST,0 - 4 years,160
YIO CHU KANG NORTH,0 - 4 years,-
YIO CHU KANG WEST,0 - 4 years,750
BAYSHORE,0 - 4 years,340
BEDOK NORTH,0 - 4 years,2710
BEDOK RESERVOIR,0 - 4 years,1100
BEDOK SOUTH,0 - 4 years,1430
FRANKEL,0 - 4 years,1460
KAKI BUKIT,0 - 4 years,1200
KEMBANGAN,0 - 4 years,1410
SIGLAP,0 - 4 years,160
BISHAN EAST,0 - 4 years,870
MARYMOUNT,0 - 4 years,1010
UPPER THOMSON,0 - 4 years,910
LIU FANG,0 - 4 years,-
SAMULUN,0 - 4 years,-
SHIPYARD,0 - 4 years,-
TUKANG,0 - 4 years,-
BRICKWORKS,0 - 4 years,2710
BUKIT BATOK CENTRAL,0 - 4 years,1310
BUKIT BATOK EAST,0 - 4 years,340
BUKIT BATOK SOUTH,0 - 4 years,690
BUKIT BATOK WEST,0 - 4 years,660
GOMBAK,0 - 4 years,350
GUILIN,0 - 4 years,430
HILLVIEW,0 - 4 years,560
HONG KAH NORTH,0 - 4 years,870
ALEXANDRA HILL,0 - 4 years,370
ALEXANDRA NORTH,0 - 4 years,160
BUKIT HO SWEE,0 - 4 years,460
BUKIT MERAH,0 - 4 years,30
CITY TERMINALS,0 - 4 years,-
DEPOT ROAD,0 - 4 years,350
EVERTON PARK,0 - 4 years,220
HENDERSON HILL,0 - 4 years,440
KAMPONG TIONG BAHRU,0 - 4 years,220
MARITIME SQUARE,0 - 4 years,200
REDHILL,0 - 4 years,490
SINGAPORE GENERAL HOSPITAL,0 - 4 years,-
TELOK BLANGAH DRIVE,0 - 4 years,1190
TELOK BLANGAH RISE,0 - 4 years,350
TELOK BLANGAH WAY,0 - 4 years,240
TIONG BAHRU,0 - 4 years,690
TIONG BAHRU STATION,0 - 4 years,560
BANGKIT,0 - 4 years,680
DAIRY FARM,0 - 4 years,310
FAJAR,0 - 4 years,1530
JELEBU,0 - 4 years,930
NATURE RESERVE,0 - 4 years,150
SAUJANA,0 - 4 years,1520
SENJA,0 - 4 years,1130
ANAK BUKIT,0 - 4 years,700
CORONATION ROAD,0 - 4 years,300
FARRER COURT,0 - 4 years,300
HILLCREST,0 - 4 years,440
HOLLAND ROAD,0 - 4 years,460
LEEDON PARK,0 - 4 years,300
SWISS CLUB,0 - 4 years,240
ULU PANDAN,0 - 4 years,400
CENTRAL WATER CATCHMENT,0 - 4 years,-
CHANGI AIRPORT,0 - 4 years,-
CHANGI POINT,0 - 4 years,10
CHANGI WEST,0 - 4 years,120
CHANGI BAY,0 - 4 years,-
CHOA CHU KANG CENTRAL,0 - 4 years,820
CHOA CHU KANG NORTH,0 - 4 years,850
KEAT HONG,0 - 4 years,3540
PENG SIANG,0 - 4 years,1660
TECK WHYE,0 - 4 years,760
YEW TEE,0 - 4 years,1360
CLEMENTI CENTRAL,0 - 4 years,480
CLEMENTI NORTH,0 - 4 years,1390
CLEMENTI WEST,0 - 4 years,480
CLEMENTI WOODS,0 - 4 years,680
FABER,0 - 4 years,270
PANDAN,0 - 4 years,-
SUNSET WAY,0 - 4 years,170
TOH TUCK,0 - 4 years,-
WEST COAST,0 - 4 years,290
ANSON,0 - 4 years,-
BAYFRONT SUBZONE,0 - 4 years,-
BUGIS,0 - 4 years,20
CECIL,0 - 4 years,10
CENTRAL SUBZONE,0 - 4 years,40
CITY HALL,0 - 4 years,-
CLIFFORD PIER,0 - 4 years,-
MARINA CENTRE,0 - 4 years,-
MAXWELL,0 - 4 years,-
NICOLL,0 - 4 years,10
PHILLIP,0 - 4 years,-
RAFFLES PLACE,0 - 4 years,-
TANJONG PAGAR,0 - 4 years,20
ALJUNIED,0 - 4 years,1250
GEYLANG EAST,0 - 4 years,1100
KALLANG WAY,0 - 4 years,-
KAMPONG UBI,0 - 4 years,400
MACPHERSON,0 - 4 years,1210
DEFU INDUSTRIAL PARK,0 - 4 years,-
HOUGANG CENTRAL,0 - 4 years,130
HOUGANG EAST,0 - 4 years,1360
HOUGANG WEST,0 - 4 years,1330
KANGKAR,0 - 4 years,1760
KOVAN,0 - 4 years,900
LORONG AH SOO,0 - 4 years,950
LORONG HALUS,0 - 4 years,-
TAI SENG,0 - 4 years,430
TRAFALGAR,0 - 4 years,2260
INTERNATIONAL BUSINESS PARK,0 - 4 years,-
JURONG GATEWAY,0 - 4 years,20
JURONG PORT,0 - 4 years,-
JURONG RIVER,0 - 4 years,-
LAKESIDE (BUSINESS),0 - 4 years,-
LAKESIDE (LEISURE),0 - 4 years,20
PENJURU CRESCENT,0 - 4 years,-
TEBAN GARDENS,0 - 4 years,760
TOH GUAN,0 - 4 years,420
YUHUA EAST,0 - 4 years,690
YUHUA WEST,0 - 4 years,600
BOON LAY PLACE,0 - 4 years,1520
CHIN BEE,0 - 4 years,-
HONG KAH,0 - 4 years,1870
JURONG WEST CENTRAL,0 - 4 years,2530
KIAN TECK,0 - 4 years,-
SAFTI,0 - 4 years,-
TAMAN JURONG,0 - 4 years,2030
WENYA,0 - 4 years,440
YUNNAN,0 - 4 years,2190
BENDEMEER,0 - 4 years,1900
BOON KENG,0 - 4 years,410
CRAWFORD,0 - 4 years,220
GEYLANG BAHRU,0 - 4 years,270
KALLANG BAHRU,0 - 4 years,-
KAMPONG BUGIS,0 - 4 years,40
KAMPONG JAVA,0 - 4 years,330
LAVENDER,0 - 4 years,350
TANJONG RHU,0 - 4 years,410
LIM CHU KANG,0 - 4 years,10
MANDAI EAST,0 - 4 years,-
MANDAI ESTATE,0 - 4 years,60
MANDAI WEST,0 - 4 years,-
MARINA EAST,0 - 4 years,-
MARINA SOUTH,0 - 4 years,-
EAST COAST,0 - 4 years,-
KATONG,0 - 4 years,390
MARINA EAST (MP),0 - 4 years,-
MARINE PARADE,0 - 4 years,1060
MOUNTBATTEN,0 - 4 years,450
BRAS BASAH,0 - 4 years,-
DHOBY GHAUT,0 - 4 years,10
FORT CANNING,0 - 4 years,10
CAIRNHILL,0 - 4 years,180
GOODWOOD PARK,0 - 4 years,70
ISTANA NEGARA,0 - 4 years,-
MONK'S HILL,0 - 4 years,60
NEWTON CIRCUS,0 - 4 years,10
ORANGE GROVE,0 - 4 years,70
NORTH-EASTERN ISLANDS,0 - 4 years,-
BALESTIER,0 - 4 years,1320
DUNEARN,0 - 4 years,140
MALCOLM,0 - 4 years,150
MOULMEIN,0 - 4 years,530
MOUNT PLEASANT,0 - 4 years,30
BOULEVARD,0 - 4 years,20
SOMERSET,0 - 4 years,10
TANGLIN,0 - 4 years,20
CHINA SQUARE,0 - 4 years,30
CHINATOWN,0 - 4 years,450
PEARL'S HILL,0 - 4 years,170
PEOPLE'S PARK,0 - 4 years,-
FLORA DRIVE,0 - 4 years,530
LOYANG EAST,0 - 4 years,60
LOYANG WEST,0 - 4 years,-
PASIR RIS CENTRAL,0 - 4 years,1640
PASIR RIS DRIVE,0 - 4 years,1730
PASIR RIS PARK,0 - 4 years,460
PASIR RIS WAFER FAB PARK,0 - 4 years,-
PASIR RIS WEST,0 - 4 years,1260
AIRPORT ROAD,0 - 4 years,-
PAYA LEBAR EAST,0 - 4 years,-
PAYA LEBAR NORTH,0 - 4 years,-
PAYA LEBAR WEST,0 - 4 years,-
PLAB,0 - 4 years,-
BENOI SECTOR,0 - 4 years,-
GUL BASIN,0 - 4 years,-
GUL CIRCLE,0 - 4 years,-
JOO KOON,0 - 4 years,-
PIONEER SECTOR,0 - 4 years,-
CONEY ISLAND,0 - 4 years,-
MATILDA,0 - 4 years,5430
NORTHSHORE,0 - 4 years,20
PUNGGOL CANAL,0 - 4 years,-
PUNGGOL FIELD,0 - 4 years,2420
PUNGGOL TOWN CENTRE,0 - 4 years,2820
WATERWAY EAST,0 - 4 years,5470
COMMONWEALTH,0 - 4 years,140
DOVER,0 - 4 years,350
GHIM MOH,0 - 4 years,850
HOLLAND DRIVE,0 - 4 years,350
KENT RIDGE,0 - 4 years,-
MARGARET DRIVE,0 - 4 years,1120
MEI CHIN,0 - 4 years,460
NATIONAL UNIVERSITY OF S'PORE,0 - 4 years,-
ONE NORTH,0 - 4 years,40
PASIR PANJANG 1,0 - 4 years,160
PASIR PANJANG 2,0 - 4 years,90
PORT,0 - 4 years,-
QUEENSWAY,0 - 4 years,10
SINGAPORE POLYTECHNIC,0 - 4 years,-
TANGLIN HALT,0 - 4 years,400
INSTITUTION HILL,0 - 4 years,200
LEONIE HILL,0 - 4 years,120
ONE TREE HILL,0 - 4 years,70
OXLEY,0 - 4 years,50
PATERSON,0 - 4 years,10
BENCOOLEN,0 - 4 years,40
FARRER PARK,0 - 4 years,80
KAMPONG GLAM,0 - 4 years,-
LITTLE INDIA,0 - 4 years,80
MACKENZIE,0 - 4 years,-
MOUNT EMILY,0 - 4 years,90
ROCHOR CANAL,0 - 4 years,-
SELEGIE,0 - 4 years,-
SUNGEI ROAD,0 - 4 years,70
VICTORIA,0 - 4 years,40
PULAU PUNGGOL BARAT,0 - 4 years,-
PULAU PUNGGOL TIMOR,0 - 4 years,-
SELETAR,0 - 4 years,10
SELETAR AEROSPACE PARK,0 - 4 years,-
ADMIRALTY,0 - 4 years,700
SEMBAWANG CENTRAL,0 - 4 years,1830
SEMBAWANG EAST,0 - 4 years,2070
SEMBAWANG NORTH,0 - 4 years,1080
SEMBAWANG SPRINGS,0 - 4 years,560
SEMBAWANG STRAITS,0 - 4 years,60
SENOKO NORTH,0 - 4 years,-
SENOKO SOUTH,0 - 4 years,-
THE WHARVES,0 - 4 years,-
ANCHORVALE,0 - 4 years,3790
COMPASSVALE,0 - 4 years,1670
FERNVALE,0 - 4 years,4830
LORONG HALUS NORTH,0 - 4 years,-
RIVERVALE,0 - 4 years,2500
SENGKANG TOWN CENTRE,0 - 4 years,3590
SENGKANG WEST,0 - 4 years,-
LORONG CHUAN,0 - 4 years,290
SELETAR HILLS,0 - 4 years,450
SERANGOON CENTRAL,0 - 4 years,700
SERANGOON GARDEN,0 - 4 years,1040
SERANGOON NORTH,0 - 4 years,480
SERANGOON NORTH IND ESTATE,0 - 4 years,-
UPPER PAYA LEBAR,0 - 4 years,590
PULAU SELETAR,0 - 4 years,-
SIMPANG NORTH,0 - 4 years,-
SIMPANG SOUTH,0 - 4 years,-
TANJONG IRAU,0 - 4 years,-
BOAT QUAY,0 - 4 years,-
CLARKE QUAY,0 - 4 years,10
ROBERTSON QUAY,0 - 4 years,200
SENTOSA,0 - 4 years,110
SOUTHERN GROUP,0 - 4 years,-
STRAITS VIEW,0 - 4 years,-
GALI BATU,0 - 4 years,-
KRANJI,0 - 4 years,-
PANG SUA,0 - 4 years,-
RESERVOIR VIEW,0 - 4 years,-
TURF CLUB,0 - 4 years,20
SIMEI,0 - 4 years,1360
TAMPINES EAST,0 - 4 years,5390
TAMPINES NORTH,0 - 4 years,1150
TAMPINES WEST,0 - 4 years,3790
XILIN,0 - 4 years,40
CHATSWORTH,0 - 4 years,340
NASSIM,0 - 4 years,500
RIDOUT,0 - 4 years,80
TYERSALL,0 - 4 years,160
BRICKLAND,0 - 4 years,-
FOREST HILL,0 - 4 years,-
GARDEN,0 - 4 years,-
PARK,0 - 4 years,-
PLANTATION,0 - 4 years,-
TENGAH INDUSTRIAL ESTATE,0 - 4 years,-
BIDADARI,0 - 4 years,-
BOON TECK,0 - 4 years,580
BRADDELL,0 - 4 years,310
JOO SENG,0 - 4 years,360
KIM KEAT,0 - 4 years,200
LORONG 8 TOA PAYOH,0 - 4 years,140
PEI CHUN,0 - 4 years,260
POTONG PASIR,0 - 4 years,360
SENNETT,0 - 4 years,420
TOA PAYOH CENTRAL,0 - 4 years,1060
TOA PAYOH WEST,0 - 4 years,560
WOODLEIGH,0 - 4 years,100
TENGEH,0 - 4 years,-
TUAS BAY,0 - 4 years,-
TUAS NORTH,0 - 4 years,-
TUAS PROMENADE,0 - 4 years,-
TUAS VIEW,0 - 4 years,-
TUAS VIEW EXTENSION,0 - 4 years,-
JURONG ISLAND AND BUKOM,0 - 4 years,-
SEMAKAU,0 - 4 years,-
SUDONG,0 - 4 years,-
BAHAR,0 - 4 years,-
CLEANTECH,0 - 4 years,-
MURAI,0 - 4 years,30
GREENWOOD PARK,0 - 4 years,-
MIDVIEW,0 - 4 years,1590
NORTH COAST,0 - 4 years,300
SENOKO WEST,0 - 4 years,-
WOODGROVE,0 - 4 years,980
WOODLANDS EAST,0 - 4 years,4960
WOODLANDS REGIONAL CENTRE,0 - 4 years,-
WOODLANDS SOUTH,0 - 4 years,2100
WOODLANDS WEST,0 - 4 years,1560
KHATIB,0 - 4 years,310
LOWER SELETAR,0 - 4 years,2220
NEE SOON,0 - 4 years,30
NORTHLAND,0 - 4 years,910
SPRINGLEAF,0 - 4 years,130
YISHUN CENTRAL,0 - 4 years,100
YISHUN EAST,0 - 4 years,4270
YISHUN SOUTH,0 - 4 years,1930
YISHUN WEST,0 - 4 years,1780
ANG MO KIO TOWN CENTRE,05-09 years,240
CHENG SAN,05-09 years,1040
CHONG BOON,05-09 years,840
KEBUN BAHRU,05-09 years,810
SEMBAWANG HILLS,05-09 years,310
SHANGRI-LA,05-09 years,560
TAGORE,05-09 years,310
TOWNSVILLE,05-09 years,860
YIO CHU KANG,05-09 years,-
YIO CHU KANG EAST,05-09 years,170
YIO CHU KANG NORTH,05-09 years,-
YIO CHU KANG WEST,05-09 years,950
BAYSHORE,05-09 years,490
BEDOK NORTH,05-09 years,3080
BEDOK RESERVOIR,05-09 years,1270
BEDOK SOUTH,05-09 years,1730
FRANKEL,05-09 years,2060
KAKI BUKIT,05-09 years,1250
KEMBANGAN,05-09 years,1360
SIGLAP,05-09 years,250
BISHAN EAST,05-09 years,1130
MARYMOUNT,05-09 years,1340
UPPER THOMSON,05-09 years,1260
LIU FANG,05-09 years,-
SAMULUN,05-09 years,-
SHIPYARD,05-09 years,-
TUKANG,05-09 years,-
BRICKWORKS,05-09 years,1200
BUKIT BATOK CENTRAL,05-09 years,1230
BUKIT BATOK EAST,05-09 years,340
BUKIT BATOK SOUTH,05-09 years,710
BUKIT BATOK WEST,05-09 years,640
GOMBAK,05-09 years,490
GUILIN,05-09 years,570
HILLVIEW,05-09 years,720
HONG KAH NORTH,05-09 years,930
ALEXANDRA HILL,05-09 years,420
ALEXANDRA NORTH,05-09 years,200
BUKIT HO SWEE,05-09 years,570
BUKIT MERAH,05-09 years,50
CITY TERMINALS,05-09 years,-
DEPOT ROAD,05-09 years,400
EVERTON PARK,05-09 years,290
HENDERSON HILL,05-09 years,450
KAMPONG TIONG BAHRU,05-09 years,240
MARITIME SQUARE,05-09 years,240
REDHILL,05-09 years,640
SINGAPORE GENERAL HOSPITAL,05-09 years,-
TELOK BLANGAH DRIVE,05-09 years,870
TELOK BLANGAH RISE,05-09 years,390
TELOK BLANGAH WAY,05-09 years,340
TIONG BAHRU,05-09 years,670
TIONG BAHRU STATION,05-09 years,690
BANGKIT,05-09 years,730
DAIRY FARM,05-09 years,390
FAJAR,05-09 years,1680
JELEBU,05-09 years,1090
NATURE RESERVE,05-09 years,190
SAUJANA,05-09 years,1660
SENJA,05-09 years,1360
ANAK BUKIT,05-09 years,1080
CORONATION ROAD,05-09 years,500
FARRER COURT,05-09 years,490
HILLCREST,05-09 years,780
HOLLAND ROAD,05-09 years,780
LEEDON PARK,05-09 years,320
SWISS CLUB,05-09 years,320
ULU PANDAN,05-09 years,630
CENTRAL WATER CATCHMENT,05-09 years,-
CHANGI AIRPORT,05-09 years,-
CHANGI POINT,05-09 years,10
CHANGI WEST,05-09 years,130
CHANGI BAY,05-09 years,-
CHOA CHU KANG CENTRAL,05-09 years,1090
CHOA CHU KANG NORTH,05-09 years,1120
KEAT HONG,05-09 years,2660
PENG SIANG,05-09 years,1750
TECK WHYE,05-09 years,760
YEW TEE,05-09 years,1890
CLEMENTI CENTRAL,05-09 years,610
CLEMENTI NORTH,05-09 years,1220
CLEMENTI WEST,05-09 years,630
CLEMENTI WOODS,05-09 years,740
FABER,05-09 years,430
PANDAN,05-09 years,-
SUNSET WAY,05-09 years,230
TOH TUCK,05-09 years,-
WEST COAST,05-09 years,480
ANSON,05-09 years,-
BAYFRONT SUBZONE,05-09 years,-
BUGIS,05-09 years,30
CECIL,05-09 years,10
CENTRAL SUBZONE,05-09 years,40
CITY HALL,05-09 years,-
CLIFFORD PIER,05-09 years,-
MARINA CENTRE,05-09 years,-
MAXWELL,05-09 years,-
NICOLL,05-09 years,10
PHILLIP,05-09 years,-
RAFFLES PLACE,05-09 years,-
TANJONG PAGAR,05-09 years,20
ALJUNIED,05-09 years,1500
GEYLANG EAST,05-09 years,1310
KALLANG WAY,05-09 years,-
KAMPONG UBI,05-09 years,460
MACPHERSON,05-09 years,1000
DEFU INDUSTRIAL PARK,05-09 years,-
HOUGANG CENTRAL,05-09 years,130
HOUGANG EAST,05-09 years,1230
HOUGANG WEST,05-09 years,1420
KANGKAR,05-09 years,1740
KOVAN,05-09 years,1110
LORONG AH SOO,05-09 years,1140
LORONG HALUS,05-09 years,-
TAI SENG,05-09 years,560
TRAFALGAR,05-09 years,2110
INTERNATIONAL BUSINESS PARK,05-09 years,-
JURONG GATEWAY,05-09 years,20
JURONG PORT,05-09 years,-
JURONG RIVER,05-09 years,-
LAKESIDE (BUSINESS),05-09 years,-
LAKESIDE (LEISURE),05-09 years,20
PENJURU CRESCENT,05-09 years,-
TEBAN GARDENS,05-09 years,840
TOH GUAN,05-09 years,500
YUHUA EAST,05-09 years,830
YUHUA WEST,05-09 years,690
BOON LAY PLACE,05-09 years,1630
CHIN BEE,05-09 years,-
HONG KAH,05-09 years,2180
JURONG WEST CENTRAL,05-09 years,3570
KIAN TECK,05-09 years,-
SAFTI,05-09 years,-
TAMAN JURONG,05-09 years,2180
WENYA,05-09 years,610
YUNNAN,05-09 years,2830
BENDEMEER,05-09 years,1760
BOON KENG,05-09 years,450
CRAWFORD,05-09 years,200
GEYLANG BAHRU,05-09 years,330
KALLANG BAHRU,05-09 years,-
KAMPONG BUGIS,05-09 years,20
KAMPONG JAVA,05-09 years,450
LAVENDER,05-09 years,400
TANJONG RHU,05-09 years,530
LIM CHU KANG,05-09 years,-
MANDAI EAST,05-09 years,-
MANDAI ESTATE,05-09 years,90
MANDAI WEST,05-09 years,-
MARINA EAST,05-09 years,-
MARINA SOUTH,05-09 years,-
EAST COAST,05-09 years,-
KATONG,05-09 years,500
MARINA EAST (MP),05-09 years,-
MARINE PARADE,05-09 years,1420
MOUNTBATTEN,05-09 years,490
BRAS BASAH,05-09 years,-
DHOBY GHAUT,05-09 years,20
FORT CANNING,05-09 years,10
CAIRNHILL,05-09 years,260
GOODWOOD PARK,05-09 years,140
ISTANA NEGARA,05-09 years,-
MONK'S HILL,05-09 years,80
NEWTON CIRCUS,05-09 years,20
ORANGE GROVE,05-09 years,90
NORTH-EASTERN ISLANDS,05-09 years,-
BALESTIER,05-09 years,1430
DUNEARN,05-09 years,210
MALCOLM,05-09 years,220
MOULMEIN,05-09 years,1000
MOUNT PLEASANT,05-09 years,30
BOULEVARD,05-09 years,20
SOMERSET,05-09 years,10
TANGLIN,05-09 years,20
CHINA SQUARE,05-09 years,30
CHINATOWN,05-09 years,580
PEARL'S HILL,05-09 years,190
PEOPLE'S PARK,05-09 years,-
FLORA DRIVE,05-09 years,690
LOYANG EAST,05-09 years,60
LOYANG WEST,05-09 years,-
PASIR RIS CENTRAL,05-09 years,1730
PASIR RIS DRIVE,05-09 years,1990
PASIR RIS PARK,05-09 years,580
PASIR RIS WAFER FAB PARK,05-09 years,-
PASIR RIS WEST,05-09 years,1500
AIRPORT ROAD,05-09 years,-
PAYA LEBAR EAST,05-09 years,-
PAYA LEBAR NORTH,05-09 years,-
PAYA LEBAR WEST,05-09 years,-
PLAB,05-09 years,-
BENOI SECTOR,05-09 years,-
GUL BASIN,05-09 years,-
GUL CIRCLE,05-09 years,-
JOO KOON,05-09 years,-
PIONEER SECTOR,05-09 years,-
CONEY ISLAND,05-09 years,-
MATILDA,05-09 years,4850
NORTHSHORE,05-09 years,20
PUNGGOL CANAL,05-09 years,-
PUNGGOL FIELD,05-09 years,3360
PUNGGOL TOWN CENTRE,05-09 years,2180
WATERWAY EAST,05-09 years,4930
COMMONWEALTH,05-09 years,200
DOVER,05-09 years,540
GHIM MOH,05-09 years,660
HOLLAND DRIVE,05-09 years,350
KENT RIDGE,05-09 years,-
MARGARET DRIVE,05-09 years,1200
MEI CHIN,05-09 years,540
NATIONAL UNIVERSITY OF S'PORE,05-09 years,10
ONE NORTH,05-09 years,60
PASIR PANJANG 1,05-09 years,190
PASIR PANJANG 2,05-09 years,130
PORT,05-09 years,-
QUEENSWAY,05-09 years,-
SINGAPORE POLYTECHNIC,05-09 years,-
TANGLIN HALT,05-09 years,390
INSTITUTION HILL,05-09 years,270
LEONIE HILL,05-09 years,160
ONE TREE HILL,05-09 years,80
OXLEY,05-09 years,70
PATERSON,05-09 years,20
BENCOOLEN,05-09 years,40
FARRER PARK,05-09 years,90
KAMPONG GLAM,05-09 years,-
LITTLE INDIA,05-09 years,70
MACKENZIE,05-09 years,10
MOUNT EMILY,05-09 years,90
ROCHOR CANAL,05-09 years,-
SELEGIE,05-09 years,10
SUNGEI ROAD,05-09 years,90
VICTORIA,05-09 years,30
PULAU PUNGGOL BARAT,05-09 years,-
PULAU PUNGGOL TIMOR,05-09 years,-
SELETAR,05-09 years,10
SELETAR AEROSPACE PARK,05-09 years,-
ADMIRALTY,05-09 years,860
SEMBAWANG CENTRAL,05-09 years,1940
SEMBAWANG EAST,05-09 years,850
SEMBAWANG NORTH,05-09 years,1520
SEMBAWANG SPRINGS,05-09 years,550
SEMBAWANG STRAITS,05-09 years,100
SENOKO NORTH,05-09 years,-
SENOKO SOUTH,05-09 years,-
THE WHARVES,05-09 years,-
ANCHORVALE,05-09 years,3850
COMPASSVALE,05-09 years,1830
FERNVALE,05-09 years,5270
LORONG HALUS NORTH,05-09 years,-
RIVERVALE,05-09 years,3060
SENGKANG TOWN CENTRE,05-09 years,3590
SENGKANG WEST,05-09 years,-
LORONG CHUAN,05-09 years,390
SELETAR HILLS,05-09 years,640
SERANGOON CENTRAL,05-09 years,780
SERANGOON GARDEN,05-09 years,1170
SERANGOON NORTH,05-09 years,610
SERANGOON NORTH IND ESTATE,05-09 years,-
UPPER PAYA LEBAR,05-09 years,780
PULAU SELETAR,05-09 years,-
SIMPANG NORTH,05-09 years,-
SIMPANG SOUTH,05-09 years,-
TANJONG IRAU,05-09 years,-
BOAT QUAY,05-09 years,-
CLARKE QUAY,05-09 years,10
ROBERTSON QUAY,05-09 years,240
SENTOSA,05-09 years,140
SOUTHERN GROUP,05-09 years,-
STRAITS VIEW,05-09 years,-
GALI BATU,05-09 years,-
KRANJI,05-09 years,-
PANG SUA,05-09 years,-
RESERVOIR VIEW,05-09 years,-
TURF CLUB,05-09 years,30
SIMEI,05-09 years,1710
TAMPINES EAST,05-09 years,5400
TAMPINES NORTH,05-09 years,530
TAMPINES WEST,05-09 years,3780
XILIN,05-09 years,70
CHATSWORTH,05-09 years,440
NASSIM,05-09 years,810
RIDOUT,05-09 years,100
TYERSALL,05-09 years,240
BRICKLAND,05-09 years,-
FOREST HILL,05-09 years,-
GARDEN,05-09 years,-
PARK,05-09 years,-
PLANTATION,05-09 years,-
TENGAH INDUSTRIAL ESTATE,05-09 years,-
BIDADARI,05-09 years,-
BOON TECK,05-09 years,570
BRADDELL,05-09 years,430
JOO SENG,05-09 years,370
KIM KEAT,05-09 years,240
LORONG 8 TOA PAYOH,05-09 years,200
PEI CHUN,05-09 years,370
POTONG PASIR,05-09 years,450
SENNETT,05-09 years,380
TOA PAYOH CENTRAL,05-09 years,1430
TOA PAYOH WEST,05-09 years,500
WOODLEIGH,05-09 years,130
TENGEH,05-09 years,-
TUAS BAY,05-09 years,-
TUAS NORTH,05-09 years,-
TUAS PROMENADE,05-09 years,-
TUAS VIEW,05-09 years,-
TUAS VIEW EXTENSION,05-09 years,-
JURONG ISLAND AND BUKOM,05-09 years,-
SEMAKAU,05-09 years,-
SUDONG,05-09 years,-
BAHAR,05-09 years,-
CLEANTECH,05-09 years,-
MURAI,05-09 years,50
GREENWOOD PARK,05-09 years,-
MIDVIEW,05-09 years,1640
NORTH COAST,05-09 years,350
SENOKO WEST,05-09 years,-
WOODGROVE,05-09 years,1330
WOODLANDS EAST,05-09 years,5280
WOODLANDS REGIONAL CENTRE,05-09 years,-
WOODLANDS SOUTH,05-09 years,2620
WOODLANDS WEST,05-09 years,1320
KHATIB,05-09 years,320
LOWER SELETAR,05-09 years,1690
NEE SOON,05-09 years,50
NORTHLAND,05-09 years,1030
SPRINGLEAF,05-09 years,170
YISHUN CENTRAL,05-09 years,120
YISHUN EAST,05-09 years,4410
YISHUN SOUTH,05-09 years,1690
YISHUN WEST,05-09 years,1990
ANG MO KIO TOWN CENTRE,10-14 years,280
CHENG SAN,10-14 years,1040
CHONG BOON,10-14 years,1010
KEBUN BAHRU,10-14 years,950
SEMBAWANG HILLS,10-14 years,400
SHANGRI-LA,10-14 years,640
TAGORE,10-14 years,400
TOWNSVILLE,10-14 years,930
YIO CHU KANG,10-14 years,-
YIO CHU KANG EAST,10-14 years,200
YIO CHU KANG NORTH,10-14 years,-
YIO CHU KANG WEST,10-14 years,1190
BAYSHORE,10-14 years,480
BEDOK NORTH,10-14 years,3440
BEDOK RESERVOIR,10-14 years,1400
BEDOK SOUTH,10-14 years,2120
FRANKEL,10-14 years,2060
KAKI BUKIT,10-14 years,1580
KEMBANGAN,10-14 years,1480
SIGLAP,10-14 years,260
BISHAN EAST,10-14 years,1300
MARYMOUNT,10-14 years,1540
UPPER THOMSON,10-14 years,1450
LIU FANG,10-14 years,-
SAMULUN,10-14 years,-
SHIPYARD,10-14 years,-
TUKANG,10-14 years,-
BRICKWORKS,10-14 years,850
BUKIT BATOK CENTRAL,10-14 years,1340
BUKIT BATOK EAST,10-14 years,540
BUKIT BATOK SOUTH,10-14 years,760
BUKIT BATOK WEST,10-14 years,710
GOMBAK,10-14 years,590
GUILIN,10-14 years,650
HILLVIEW,10-14 years,1040
HONG KAH NORTH,10-14 years,1210
ALEXANDRA HILL,10-14 years,570
ALEXANDRA NORTH,10-14 years,160
BUKIT HO SWEE,10-14 years,560
BUKIT MERAH,10-14 years,60
CITY TERMINALS,10-14 years,-
DEPOT ROAD,10-14 years,380
EVERTON PARK,10-14 years,310
HENDERSON HILL,10-14 years,490
KAMPONG TIONG BAHRU,10-14 years,340
MARITIME SQUARE,10-14 years,190
REDHILL,10-14 years,660
SINGAPORE GENERAL HOSPITAL,10-14 years,-
TELOK BLANGAH DRIVE,10-14 years,740
TELOK BLANGAH RISE,10-14 years,430
TELOK BLANGAH WAY,10-14 years,380
TIONG BAHRU,10-14 years,560
TIONG BAHRU STATION,10-14 years,830
BANGKIT,10-14 years,930
DAIRY FARM,10-14 years,440
FAJAR,10-14 years,1580
JELEBU,10-14 years,1410
NATURE RESERVE,10-14 years,240
SAUJANA,10-14 years,1460
SENJA,10-14 years,1260
ANAK BUKIT,10-14 years,1190
CORONATION ROAD,10-14 years,490
FARRER COURT,10-14 years,440
HILLCREST,10-14 years,610
HOLLAND ROAD,10-14 years,800
LEEDON PARK,10-14 years,400
SWISS CLUB,10-14 years,340
ULU PANDAN,10-14 years,680
CENTRAL WATER CATCHMENT,10-14 years,-
CHANGI AIRPORT,10-14 years,-
CHANGI POINT,10-14 years,20
CHANGI WEST,10-14 years,130
CHANGI BAY,10-14 years,-
CHOA CHU KANG CENTRAL,10-14 years,1330
CHOA CHU KANG NORTH,10-14 years,1640
KEAT HONG,10-14 years,2060
PENG SIANG,10-14 years,1760
TECK WHYE,10-14 years,1010
YEW TEE,10-14 years,2400
CLEMENTI CENTRAL,10-14 years,700
CLEMENTI NORTH,10-14 years,1160
CLEMENTI WEST,10-14 years,740
CLEMENTI WOODS,10-14 years,800
FABER,10-14 years,440
PANDAN,10-14 years,-
SUNSET WAY,10-14 years,270
TOH TUCK,10-14 years,-
WEST COAST,10-14 years,550
ANSON,10-14 years,-
BAYFRONT SUBZONE,10-14 years,-
BUGIS,10-14 years,10
CECIL,10-14 years,10
CENTRAL SUBZONE,10-14 years,30
CITY HALL,10-14 years,-
CLIFFORD PIER,10-14 years,-
MARINA CENTRE,10-14 years,-
MAXWELL,10-14 years,-
NICOLL,10-14 years,10
PHILLIP,10-14 years,-
RAFFLES PLACE,10-14 years,-
TANJONG PAGAR,10-14 years,10
ALJUNIED,10-14 years,1730
GEYLANG EAST,10-14 years,1440
KALLANG WAY,10-14 years,-
KAMPONG UBI,10-14 years,520
MACPHERSON,10-14 years,1110
DEFU INDUSTRIAL PARK,10-14 years,-
HOUGANG CENTRAL,10-14 years,210
HOUGANG EAST,10-14 years,1040
HOUGANG WEST,10-14 years,1730
KANGKAR,10-14 years,1570
KOVAN,10-14 years,1270
LORONG AH SOO,10-14 years,1390
LORONG HALUS,10-14 years,-
TAI SENG,10-14 years,690
TRAFALGAR,10-14 years,2420
INTERNATIONAL BUSINESS PARK,10-14 years,-
JURONG GATEWAY,10-14 years,20
JURONG PORT,10-14 years,-
JURONG RIVER,10-14 years,-
LAKESIDE (BUSINESS),10-14 years,-
LAKESIDE (LEISURE),10-14 years,20
PENJURU CRESCENT,10-14 years,-
TEBAN GARDENS,10-14 years,890
TOH GUAN,10-14 years,670
YUHUA EAST,10-14 years,1040
YUHUA WEST,10-14 years,900
BOON LAY PLACE,10-14 years,1600
CHIN BEE,10-14 years,-
HONG KAH,10-14 years,2590
JURONG WEST CENTRAL,10-14 years,4190
KIAN TECK,10-14 years,-
SAFTI,10-14 years,-
TAMAN JURONG,10-14 years,2260
WENYA,10-14 years,670
YUNNAN,10-14 years,3680
BENDEMEER,10-14 years,1460
BOON KENG,10-14 years,410
CRAWFORD,10-14 years,240
GEYLANG BAHRU,10-14 years,440
KALLANG BAHRU,10-14 years,-
KAMPONG BUGIS,10-14 years,20
KAMPONG JAVA,10-14 years,460
LAVENDER,10-14 years,430
TANJONG RHU,10-14 years,630
LIM CHU KANG,10-14 years,10
MANDAI EAST,10-14 years,-
MANDAI ESTATE,10-14 years,120
MANDAI WEST,10-14 years,-
MARINA EAST,10-14 years,-
MARINA SOUTH,10-14 years,-
EAST COAST,10-14 years,-
KATONG,10-14 years,490
MARINA EAST (MP),10-14 years,-
MARINE PARADE,10-14 years,1390
MOUNTBATTEN,10-14 years,540
BRAS BASAH,10-14 years,-
DHOBY GHAUT,10-14 years,-
FORT CANNING,10-14 years,10
CAIRNHILL,10-14 years,240
GOODWOOD PARK,10-14 years,90
ISTANA NEGARA,10-14 years,-
MONK'S HILL,10-14 years,60
NEWTON CIRCUS,10-14 years,20
ORANGE GROVE,10-14 years,110
NORTH-EASTERN ISLANDS,10-14 years,-
BALESTIER,10-14 years,1460
DUNEARN,10-14 years,280
MALCOLM,10-14 years,210
MOULMEIN,10-14 years,630
MOUNT PLEASANT,10-14 years,40
BOULEVARD,10-14 years,20
SOMERSET,10-14 years,-
TANGLIN,10-14 years,30
CHINA SQUARE,10-14 years,30
CHINATOWN,10-14 years,520
PEARL'S HILL,10-14 years,190
PEOPLE'S PARK,10-14 years,-
FLORA DRIVE,10-14 years,850
LOYANG EAST,10-14 years,100
LOYANG WEST,10-14 years,-
PASIR RIS CENTRAL,10-14 years,1670
PASIR RIS DRIVE,10-14 years,2570
PASIR RIS PARK,10-14 years,540
PASIR RIS WAFER FAB PARK,10-14 years,-
PASIR RIS WEST,10-14 years,1960
AIRPORT ROAD,10-14 years,-
PAYA LEBAR EAST,10-14 years,-
PAYA LEBAR NORTH,10-14 years,-
PAYA LEBAR WEST,10-14 years,-
PLAB,10-14 years,-
BENOI SECTOR,10-14 years,-
GUL BASIN,10-14 years,-
GUL CIRCLE,10-14 years,-
JOO KOON,10-14 years,-
PIONEER SECTOR,10-14 years,-
CONEY ISLAND,10-14 years,-
MATILDA,10-14 years,3150
NORTHSHORE,10-14 years,20
PUNGGOL CANAL,10-14 years,-
PUNGGOL FIELD,10-14 years,3940
PUNGGOL TOWN CENTRE,10-14 years,1140
WATERWAY EAST,10-14 years,3160
COMMONWEALTH,10-14 years,260
DOVER,10-14 years,650
GHIM MOH,10-14 years,560
HOLLAND DRIVE,10-14 years,360
KENT RIDGE,10-14 years,-
MARGARET DRIVE,10-14 years,800
MEI CHIN,10-14 years,700
NATIONAL UNIVERSITY OF S'PORE,10-14 years,10
ONE NORTH,10-14 years,50
PASIR PANJANG 1,10-14 years,240
PASIR PANJANG 2,10-14 years,140
PORT,10-14 years,10
QUEENSWAY,10-14 years,10
SINGAPORE POLYTECHNIC,10-14 years,-
TANGLIN HALT,10-14 years,400
INSTITUTION HILL,10-14 years,190
LEONIE HILL,10-14 years,180
ONE TREE HILL,10-14 years,110
OXLEY,10-14 years,70
PATERSON,10-14 years,10
BENCOOLEN,10-14 years,40
FARRER PARK,10-14 years,120
KAMPONG GLAM,10-14 years,-
LITTLE INDIA,10-14 years,120
MACKENZIE,10-14 years,-
MOUNT EMILY,10-14 years,70
ROCHOR CANAL,10-14 years,-
SELEGIE,10-14 years,10
SUNGEI ROAD,10-14 years,70
VICTORIA,10-14 years,40
PULAU PUNGGOL BARAT,10-14 years,-
PULAU PUNGGOL TIMOR,10-14 years,-
SELETAR,10-14 years,20
SELETAR AEROSPACE PARK,10-14 years,-
ADMIRALTY,10-14 years,960
SEMBAWANG CENTRAL,10-14 years,2120
SEMBAWANG EAST,10-14 years,800
SEMBAWANG NORTH,10-14 years,1770
SEMBAWANG SPRINGS,10-14 years,640
SEMBAWANG STRAITS,10-14 years,120
SENOKO NORTH,10-14 years,-
SENOKO SOUTH,10-14 years,-
THE WHARVES,10-14 years,-
ANCHORVALE,10-14 years,3290
COMPASSVALE,10-14 years,1450
FERNVALE,10-14 years,3970
LORONG HALUS NORTH,10-14 years,-
RIVERVALE,10-14 years,3670
SENGKANG TOWN CENTRE,10-14 years,3550
SENGKANG WEST,10-14 years,-
LORONG CHUAN,10-14 years,480
SELETAR HILLS,10-14 years,760
SERANGOON CENTRAL,10-14 years,880
SERANGOON GARDEN,10-14 years,1530
SERANGOON NORTH,10-14 years,800
SERANGOON NORTH IND ESTATE,10-14 years,-
UPPER PAYA LEBAR,10-14 years,740
PULAU SELETAR,10-14 years,-
SIMPANG NORTH,10-14 years,-
SIMPANG SOUTH,10-14 years,-
TANJONG IRAU,10-14 years,-
BOAT QUAY,10-14 years,-
CLARKE QUAY,10-14 years,10
ROBERTSON QUAY,10-14 years,180
SENTOSA,10-14 years,110
SOUTHERN GROUP,10-14 years,-
STRAITS VIEW,10-14 years,-
GALI BATU,10-14 years,-
KRANJI,10-14 years,-
PANG SUA,10-14 years,-
RESERVOIR VIEW,10-14 years,-
TURF CLUB,10-14 years,30
SIMEI,10-14 years,1960
TAMPINES EAST,10-14 years,5910
TAMPINES NORTH,10-14 years,260
TAMPINES WEST,10-14 years,3800
XILIN,10-14 years,70
CHATSWORTH,10-14 years,410
NASSIM,10-14 years,630
RIDOUT,10-14 years,80
TYERSALL,10-14 years,250
BRICKLAND,10-14 years,-
FOREST HILL,10-14 years,-
GARDEN,10-14 years,-
PARK,10-14 years,-
PLANTATION,10-14 years,-
TENGAH INDUSTRIAL ESTATE,10-14 years,-
BIDADARI,10-14 years,-
BOON TECK,10-14 years,570
BRADDELL,10-14 years,470
JOO SENG,10-14 years,410
KIM KEAT,10-14 years,300
LORONG 8 TOA PAYOH,10-14 years,240
PEI CHUN,10-14 years,450
POTONG PASIR,10-14 years,460
SENNETT,10-14 years,350
TOA PAYOH CENTRAL,10-14 years,1390
TOA PAYOH WEST,10-14 years,510
WOODLEIGH,10-14 years,160
TENGEH,10-14 years,-
TUAS BAY,10-14 years,-
TUAS NORTH,10-14 years,-
TUAS PROMENADE,10-14 years,-
TUAS VIEW,10-14 years,-
TUAS VIEW EXTENSION,10-14 years,-
JURONG ISLAND AND BUKOM,10-14 years,-
SEMAKAU,10-14 years,-
SUDONG,10-14 years,-
BAHAR,10-14 years,-
CLEANTECH,10-14 years,-
MURAI,10-14 years,20
GREENWOOD PARK,10-14 years,-
MIDVIEW,10-14 years,1870
NORTH COAST,10-14 years,470
SENOKO WEST,10-14 years,-
WOODGROVE,10-14 years,1740
WOODLANDS EAST,10-14 years,6010
WOODLANDS REGIONAL CENTRE,10-14 years,-
WOODLANDS SOUTH,10-14 years,2850
WOODLANDS WEST,10-14 years,1510
KHATIB,10-14 years,380
LOWER SELETAR,10-14 years,1160
NEE SOON,10-14 years,50
NORTHLAND,10-14 years,1350
SPRINGLEAF,10-14 years,250
YISHUN CENTRAL,10-14 years,150
YISHUN EAST,10-14 years,3270
YISHUN SOUTH,10-14 years,1920
YISHUN WEST,10-14 years,2440
ANG MO KIO TOWN CENTRE,15 - 19 years,320
CHENG SAN,15 - 19 years,1160
CHONG BOON,15 - 19 years,1060
KEBUN BAHRU,15 - 19 years,1010
SEMBAWANG HILLS,15 - 19 years,460
SHANGRI-LA,15 - 19 years,710
TAGORE,15 - 19 years,450
TOWNSVILLE,15 - 19 years,820
YIO CHU KANG,15 - 19 years,-
YIO CHU KANG EAST,15 - 19 years,260
YIO CHU KANG NORTH,15 - 19 years,-
YIO CHU KANG WEST,15 - 19 years,1350
BAYSHORE,15 - 19 years,450
BEDOK NORTH,15 - 19 years,4000
BEDOK RESERVOIR,15 - 19 years,1510
BEDOK SOUTH,15 - 19 years,2300
FRANKEL,15 - 19 years,1810
KAKI BUKIT,15 - 19 years,1930
KEMBANGAN,15 - 19 years,1780
SIGLAP,15 - 19 years,310
BISHAN EAST,15 - 19 years,1380
MARYMOUNT,15 - 19 years,1680
UPPER THOMSON,15 - 19 years,1560
LIU FANG,15 - 19 years,-
SAMULUN,15 - 19 years,-
SHIPYARD,15 - 19 years,-
TUKANG,15 - 19 years,-
BRICKWORKS,15 - 19 years,730
BUKIT BATOK CENTRAL,15 - 19 years,1490
BUKIT BATOK EAST,15 - 19 years,600
BUKIT BATOK SOUTH,15 - 19 years,840
BUKIT BATOK WEST,15 - 19 years,790
GOMBAK,15 - 19 years,590
GUILIN,15 - 19 years,750
HILLVIEW,15 - 19 years,1350
HONG KAH NORTH,15 - 19 years,1440
ALEXANDRA HILL,15 - 19 years,630
ALEXANDRA NORTH,15 - 19 years,110
BUKIT HO SWEE,15 - 19 years,500
BUKIT MERAH,15 - 19 years,60
CITY TERMINALS,15 - 19 years,-
DEPOT ROAD,15 - 19 years,280
EVERTON PARK,15 - 19 years,310
HENDERSON HILL,15 - 19 years,530
KAMPONG TIONG BAHRU,15 - 19 years,350
MARITIME SQUARE,15 - 19 years,170
REDHILL,15 - 19 years,500
SINGAPORE GENERAL HOSPITAL,15 - 19 years,-
TELOK BLANGAH DRIVE,15 - 19 years,710
TELOK BLANGAH RISE,15 - 19 years,510
TELOK BLANGAH WAY,15 - 19 years,350
TIONG BAHRU,15 - 19 years,430
TIONG BAHRU STATION,15 - 19 years,700
BANGKIT,15 - 19 years,1190
DAIRY FARM,15 - 19 years,510
FAJAR,15 - 19 years,1590
JELEBU,15 - 19 years,1840
NATURE RESERVE,15 - 19 years,250
SAUJANA,15 - 19 years,1510
SENJA,15 - 19 years,1260
ANAK BUKIT,15 - 19 years,1310
CORONATION ROAD,15 - 19 years,440
FARRER COURT,15 - 19 years,370
HILLCREST,15 - 19 years,600
HOLLAND ROAD,15 - 19 years,770
LEEDON PARK,15 - 19 years,370
SWISS CLUB,15 - 19 years,330
ULU PANDAN,15 - 19 years,650
CENTRAL WATER CATCHMENT,15 - 19 years,-
CHANGI AIRPORT,15 - 19 years,-
CHANGI POINT,15 - 19 years,20
CHANGI WEST,15 - 19 years,80
CHANGI BAY,15 - 19 years,-
CHOA CHU KANG CENTRAL,15 - 19 years,1430
CHOA CHU KANG NORTH,15 - 19 years,2400
KEAT HONG,15 - 19 years,2060
PENG SIANG,15 - 19 years,2040
TECK WHYE,15 - 19 years,1350
YEW TEE,15 - 19 years,2810
CLEMENTI CENTRAL,15 - 19 years,660
CLEMENTI NORTH,15 - 19 years,1130
CLEMENTI WEST,15 - 19 years,760
CLEMENTI WOODS,15 - 19 years,810
FABER,15 - 19 years,320
PANDAN,15 - 19 years,-
SUNSET WAY,15 - 19 years,310
TOH TUCK,15 - 19 years,-
WEST COAST,15 - 19 years,470
ANSON,15 - 19 years,-
BAYFRONT SUBZONE,15 - 19 years,-
BUGIS,15 - 19 years,30
CECIL,15 - 19 years,-
CENTRAL SUBZONE,15 - 19 years,40
CITY HALL,15 - 19 years,-
CLIFFORD PIER,15 - 19 years,-
MARINA CENTRE,15 - 19 years,-
MAXWELL,15 - 19 years,-
NICOLL,15 - 19 years,10
PHILLIP,15 - 19 years,-
RAFFLES PLACE,15 - 19 years,-
TANJONG PAGAR,15 - 19 years,10
ALJUNIED,15 - 19 years,1670
GEYLANG EAST,15 - 19 years,1340
KALLANG WAY,15 - 19 years,-
KAMPONG UBI,15 - 19 years,560
MACPHERSON,15 - 19 years,1270
DEFU INDUSTRIAL PARK,15 - 19 years,-
HOUGANG CENTRAL,15 - 19 years,280
HOUGANG EAST,15 - 19 years,1090
HOUGANG WEST,15 - 19 years,2000
KANGKAR,15 - 19 years,1600
KOVAN,15 - 19 years,1420
LORONG AH SOO,15 - 19 years,1690
LORONG HALUS,15 - 19 years,-
TAI SENG,15 - 19 years,750
TRAFALGAR,15 - 19 years,2700
INTERNATIONAL BUSINESS PARK,15 - 19 years,-
JURONG GATEWAY,15 - 19 years,30
JURONG PORT,15 - 19 years,-
JURONG RIVER,15 - 19 years,-
LAKESIDE (BUSINESS),15 - 19 years,-
LAKESIDE (LEISURE),15 - 19 years,30
PENJURU CRESCENT,15 - 19 years,-
TEBAN GARDENS,15 - 19 years,930
TOH GUAN,15 - 19 years,860
YUHUA EAST,15 - 19 years,1240
YUHUA WEST,15 - 19 years,1070
BOON LAY PLACE,15 - 19 years,1670
CHIN BEE,15 - 19 years,-
HONG KAH,15 - 19 years,3060
JURONG WEST CENTRAL,15 - 19 years,4040
KIAN TECK,15 - 19 years,-
SAFTI,15 - 19 years,-
TAMAN JURONG,15 - 19 years,2430
WENYA,15 - 19 years,540
YUNNAN,15 - 19 years,4370
BENDEMEER,15 - 19 years,1370
BOON KENG,15 - 19 years,500
CRAWFORD,15 - 19 years,260
GEYLANG BAHRU,15 - 19 years,530
KALLANG BAHRU,15 - 19 years,-
KAMPONG BUGIS,15 - 19 years,40
KAMPONG JAVA,15 - 19 years,450
LAVENDER,15 - 19 years,430
TANJONG RHU,15 - 19 years,700
LIM CHU KANG,15 - 19 years,10
MANDAI EAST,15 - 19 years,-
MANDAI ESTATE,15 - 19 years,130
MANDAI WEST,15 - 19 years,-
MARINA EAST,15 - 19 years,-
MARINA SOUTH,15 - 19 years,-
EAST COAST,15 - 19 years,-
KATONG,15 - 19 years,500
MARINA EAST (MP),15 - 19 years,-
MARINE PARADE,15 - 19 years,1300
MOUNTBATTEN,15 - 19 years,560
BRAS BASAH,15 - 19 years,-
DHOBY GHAUT,15 - 19 years,10
FORT CANNING,15 - 19 years,10
CAIRNHILL,15 - 19 years,170
GOODWOOD PARK,15 - 19 years,60
ISTANA NEGARA,15 - 19 years,-
MONK'S HILL,15 - 19 years,50
NEWTON CIRCUS,15 - 19 years,10
ORANGE GROVE,15 - 19 years,80
NORTH-EASTERN ISLANDS,15 - 19 years,-
BALESTIER,15 - 19 years,1390
DUNEARN,15 - 19 years,260
MALCOLM,15 - 19 years,180
MOULMEIN,15 - 19 years,400
MOUNT PLEASANT,15 - 19 years,40
BOULEVARD,15 - 19 years,10
SOMERSET,15 - 19 years,-
TANGLIN,15 - 19 years,20
CHINA SQUARE,15 - 19 years,30
CHINATOWN,15 - 19 years,310
PEARL'S HILL,15 - 19 years,180
PEOPLE'S PARK,15 - 19 years,10
FLORA DRIVE,15 - 19 years,940
LOYANG EAST,15 - 19 years,150
LOYANG WEST,15 - 19 years,-
PASIR RIS CENTRAL,15 - 19 years,1860
PASIR RIS DRIVE,15 - 19 years,3380
PASIR RIS PARK,15 - 19 years,500
PASIR RIS WAFER FAB PARK,15 - 19 years,-
PASIR RIS WEST,15 - 19 years,2530
AIRPORT ROAD,15 - 19 years,-
PAYA LEBAR EAST,15 - 19 years,-
PAYA LEBAR NORTH,15 - 19 years,-
PAYA LEBAR WEST,15 - 19 years,-
PLAB,15 - 19 years,-
BENOI SECTOR,15 - 19 years,-
GUL BASIN,15 - 19 years,-
GUL CIRCLE,15 - 19 years,-
JOO KOON,15 - 19 years,-
PIONEER SECTOR,15 - 19 years,-
CONEY ISLAND,15 - 19 years,-
MATILDA,15 - 19 years,2210
NORTHSHORE,15 - 19 years,30
PUNGGOL CANAL,15 - 19 years,-
PUNGGOL FIELD,15 - 19 years,3390
PUNGGOL TOWN CENTRE,15 - 19 years,810
WATERWAY EAST,15 - 19 years,2140
COMMONWEALTH,15 - 19 years,280
DOVER,15 - 19 years,630
GHIM MOH,15 - 19 years,500
HOLLAND DRIVE,15 - 19 years,470
KENT RIDGE,15 - 19 years,-
MARGARET DRIVE,15 - 19 years,570
MEI CHIN,15 - 19 years,800
NATIONAL UNIVERSITY OF S'PORE,15 - 19 years,10
ONE NORTH,15 - 19 years,30
PASIR PANJANG 1,15 - 19 years,260
PASIR PANJANG 2,15 - 19 years,160
PORT,15 - 19 years,-
QUEENSWAY,15 - 19 years,10
SINGAPORE POLYTECHNIC,15 - 19 years,-
TANGLIN HALT,15 - 19 years,400
INSTITUTION HILL,15 - 19 years,140
LEONIE HILL,15 - 19 years,180
ONE TREE HILL,15 - 19 years,120
OXLEY,15 - 19 years,70
PATERSON,15 - 19 years,10
BENCOOLEN,15 - 19 years,40
FARRER PARK,15 - 19 years,120
KAMPONG GLAM,15 - 19 years,-
LITTLE INDIA,15 - 19 years,140
MACKENZIE,15 - 19 years,10
MOUNT EMILY,15 - 19 years,60
ROCHOR CANAL,15 - 19 years,-
SELEGIE,15 - 19 years,10
SUNGEI ROAD,15 - 19 years,100
VICTORIA,15 - 19 years,40
PULAU PUNGGOL BARAT,15 - 19 years,-
PULAU PUNGGOL TIMOR,15 - 19 years,-
SELETAR,15 - 19 years,20
SELETAR AEROSPACE PARK,15 - 19 years,-
ADMIRALTY,15 - 19 years,880
SEMBAWANG CENTRAL,15 - 19 years,2210
SEMBAWANG EAST,15 - 19 years,780
SEMBAWANG NORTH,15 - 19 years,1810
SEMBAWANG SPRINGS,15 - 19 years,580
SEMBAWANG STRAITS,15 - 19 years,140
SENOKO NORTH,15 - 19 years,-
SENOKO SOUTH,15 - 19 years,-
THE WHARVES,15 - 19 years,-
ANCHORVALE,15 - 19 years,2620
COMPASSVALE,15 - 19 years,900
FERNVALE,15 - 19 years,2780
LORONG HALUS NORTH,15 - 19 years,-
RIVERVALE,15 - 19 years,3840
SENGKANG TOWN CENTRE,15 - 19 years,3490
SENGKANG WEST,15 - 19 years,-
LORONG CHUAN,15 - 19 years,570
SELETAR HILLS,15 - 19 years,880
SERANGOON CENTRAL,15 - 19 years,1190
SERANGOON GARDEN,15 - 19 years,1800
SERANGOON NORTH,15 - 19 years,950
SERANGOON NORTH IND ESTATE,15 - 19 years,-
UPPER PAYA LEBAR,15 - 19 years,780
PULAU SELETAR,15 - 19 years,-
SIMPANG NORTH,15 - 19 years,-
SIMPANG SOUTH,15 - 19 years,-
TANJONG IRAU,15 - 19 years,-
BOAT QUAY,15 - 19 years,-
CLARKE QUAY,15 - 19 years,-
ROBERTSON QUAY,15 - 19 years,120
SENTOSA,15 - 19 years,100
SOUTHERN GROUP,15 - 19 years,-
STRAITS VIEW,15 - 19 years,-
GALI BATU,15 - 19 years,-
KRANJI,15 - 19 years,-
PANG SUA,15 - 19 years,-
RESERVOIR VIEW,15 - 19 years,-
TURF CLUB,15 - 19 years,30
SIMEI,15 - 19 years,2120
TAMPINES EAST,15 - 19 years,6680
TAMPINES NORTH,15 - 19 years,240
TAMPINES WEST,15 - 19 years,4150
XILIN,15 - 19 years,100
CHATSWORTH,15 - 19 years,310
NASSIM,15 - 19 years,540
RIDOUT,15 - 19 years,70
TYERSALL,15 - 19 years,190
BRICKLAND,15 - 19 years,-
FOREST HILL,15 - 19 years,-
GARDEN,15 - 19 years,-
PARK,15 - 19 years,-
PLANTATION,15 - 19 years,-
TENGAH INDUSTRIAL ESTATE,15 - 19 years,-
BIDADARI,15 - 19 years,-
BOON TECK,15 - 19 years,660
BRADDELL,15 - 19 years,460
JOO SENG,15 - 19 years,340
KIM KEAT,15 - 19 years,310
LORONG 8 TOA PAYOH,15 - 19 years,310
PEI CHUN,15 - 19 years,530
POTONG PASIR,15 - 19 years,520
SENNETT,15 - 19 years,350
TOA PAYOH CENTRAL,15 - 19 years,1300
TOA PAYOH WEST,15 - 19 years,530
WOODLEIGH,15 - 19 years,160
TENGEH,15 - 19 years,-
TUAS BAY,15 - 19 years,-
TUAS NORTH,15 - 19 years,-
TUAS PROMENADE,15 - 19 years,-
TUAS VIEW,15 - 19 years,-
TUAS VIEW EXTENSION,15 - 19 years,-
JURONG ISLAND AND BUKOM,15 - 19 years,-
SEMAKAU,15 - 19 years,-
SUDONG,15 - 19 years,-
BAHAR,15 - 19 years,-
CLEANTECH,15 - 19 years,-
MURAI,15 - 19 years,20
GREENWOOD PARK,15 - 19 years,-
MIDVIEW,15 - 19 years,2480
NORTH COAST,15 - 19 years,650
SENOKO WEST,15 - 19 years,-
WOODGROVE,15 - 19 years,2280
WOODLANDS EAST,15 - 19 years,6880
WOODLANDS REGIONAL CENTRE,15 - 19 years,-
WOODLANDS SOUTH,15 - 19 years,2990
WOODLANDS WEST,15 - 19 years,1830
KHATIB,15 - 19 years,460
LOWER SELETAR,15 - 19 years,940
NEE SOON,15 - 19 years,60
NORTHLAND,15 - 19 years,1510
SPRINGLEAF,15 - 19 years,300
YISHUN CENTRAL,15 - 19 years,130
YISHUN EAST,15 - 19 years,2970
YISHUN SOUTH,15 - 19 years,2090
YISHUN WEST,15 - 19 years,2790
ANG MO KIO TOWN CENTRE,20 - 24 years,270
CHENG SAN,20 - 24 years,1330
CHONG BOON,20 - 24 years,1310
KEBUN BAHRU,20 - 24 years,1170
SEMBAWANG HILLS,20 - 24 years,500
SHANGRI-LA,20 - 24 years,860
TAGORE,20 - 24 years,580
TOWNSVILLE,20 - 24 years,890
YIO CHU KANG,20 - 24 years,-
YIO CHU KANG EAST,20 - 24 years,310
YIO CHU KANG NORTH,20 - 24 years,-
YIO CHU KANG WEST,20 - 24 years,1460
BAYSHORE,20 - 24 years,360
BEDOK NORTH,20 - 24 years,4760
BEDOK RESERVOIR,20 - 24 years,1490
BEDOK SOUTH,20 - 24 years,2740
FRANKEL,20 - 24 years,1820
KAKI BUKIT,20 - 24 years,2510
KEMBANGAN,20 - 24 years,2020
SIGLAP,20 - 24 years,360
BISHAN EAST,20 - 24 years,1470
MARYMOUNT,20 - 24 years,2030
UPPER THOMSON,20 - 24 years,1740
LIU FANG,20 - 24 years,-
SAMULUN,20 - 24 years,-
SHIPYARD,20 - 24 years,-
TUKANG,20 - 24 years,-
BRICKWORKS,20 - 24 years,660
BUKIT BATOK CENTRAL,20 - 24 years,1560
BUKIT BATOK EAST,20 - 24 years,810
BUKIT BATOK SOUTH,20 - 24 years,1110
BUKIT BATOK WEST,20 - 24 years,950
GOMBAK,20 - 24 years,620
GUILIN,20 - 24 years,830
HILLVIEW,20 - 24 years,1600
HONG KAH NORTH,20 - 24 years,1680
ALEXANDRA HILL,20 - 24 years,790
ALEXANDRA NORTH,20 - 24 years,100
BUKIT HO SWEE,20 - 24 years,620
BUKIT MERAH,20 - 24 years,70
CITY TERMINALS,20 - 24 years,-
DEPOT ROAD,20 - 24 years,280
EVERTON PARK,20 - 24 years,330
HENDERSON HILL,20 - 24 years,660
KAMPONG TIONG BAHRU,20 - 24 years,430
MARITIME SQUARE,20 - 24 years,110
REDHILL,20 - 24 years,470
SINGAPORE GENERAL HOSPITAL,20 - 24 years,-
TELOK BLANGAH DRIVE,20 - 24 years,710
TELOK BLANGAH RISE,20 - 24 years,580
TELOK BLANGAH WAY,20 - 24 years,380
TIONG BAHRU,20 - 24 years,440
TIONG BAHRU STATION,20 - 24 years,670
BANGKIT,20 - 24 years,1520
DAIRY FARM,20 - 24 years,450
FAJAR,20 - 24 years,1720
JELEBU,20 - 24 years,2440
NATURE RESERVE,20 - 24 years,280
SAUJANA,20 - 24 years,1740
SENJA,20 - 24 years,1150
ANAK BUKIT,20 - 24 years,1430
CORONATION ROAD,20 - 24 years,380
FARRER COURT,20 - 24 years,280
HILLCREST,20 - 24 years,560
HOLLAND ROAD,20 - 24 years,670
LEEDON PARK,20 - 24 years,360
SWISS CLUB,20 - 24 years,300
ULU PANDAN,20 - 24 years,640
CENTRAL WATER CATCHMENT,20 - 24 years,-
CHANGI AIRPORT,20 - 24 years,-
CHANGI POINT,20 - 24 years,40
CHANGI WEST,20 - 24 years,60
CHANGI BAY,20 - 24 years,-
CHOA CHU KANG CENTRAL,20 - 24 years,1790
CHOA CHU KANG NORTH,20 - 24 years,3510
KEAT HONG,20 - 24 years,2310
PENG SIANG,20 - 24 years,2570
TECK WHYE,20 - 24 years,1910
YEW TEE,20 - 24 years,3370
CLEMENTI CENTRAL,20 - 24 years,710
CLEMENTI NORTH,20 - 24 years,1290
CLEMENTI WEST,20 - 24 years,840
CLEMENTI WOODS,20 - 24 years,830
FABER,20 - 24 years,280
PANDAN,20 - 24 years,-
SUNSET WAY,20 - 24 years,320
TOH TUCK,20 - 24 years,-
WEST COAST,20 - 24 years,390
ANSON,20 - 24 years,-
BAYFRONT SUBZONE,20 - 24 years,-
BUGIS,20 - 24 years,40
CECIL,20 - 24 years,10
CENTRAL SUBZONE,20 - 24 years,20
CITY HALL,20 - 24 years,-
CLIFFORD PIER,20 - 24 years,-
MARINA CENTRE,20 - 24 years,-
MAXWELL,20 - 24 years,-
NICOLL,20 - 24 years,10
PHILLIP,20 - 24 years,-
RAFFLES PLACE,20 - 24 years,-
TANJONG PAGAR,20 - 24 years,20
ALJUNIED,20 - 24 years,1920
GEYLANG EAST,20 - 24 years,1560
KALLANG WAY,20 - 24 years,-
KAMPONG UBI,20 - 24 years,750
MACPHERSON,20 - 24 years,1530
DEFU INDUSTRIAL PARK,20 - 24 years,-
HOUGANG CENTRAL,20 - 24 years,340
HOUGANG EAST,20 - 24 years,1470
HOUGANG WEST,20 - 24 years,2910
KANGKAR,20 - 24 years,1690
KOVAN,20 - 24 years,1650
LORONG AH SOO,20 - 24 years,1910
LORONG HALUS,20 - 24 years,-
TAI SENG,20 - 24 years,970
TRAFALGAR,20 - 24 years,3220
INTERNATIONAL BUSINESS PARK,20 - 24 years,-
JURONG GATEWAY,20 - 24 years,20
JURONG PORT,20 - 24 years,-
JURONG RIVER,20 - 24 years,-
LAKESIDE (BUSINESS),20 - 24 years,-
LAKESIDE (LEISURE),20 - 24 years,30
PENJURU CRESCENT,20 - 24 years,-
TEBAN GARDENS,20 - 24 years,1050
TOH GUAN,20 - 24 years,1000
YUHUA EAST,20 - 24 years,1420
YUHUA WEST,20 - 24 years,1240
BOON LAY PLACE,20 - 24 years,1850
CHIN BEE,20 - 24 years,-
HONG KAH,20 - 24 years,3320
JURONG WEST CENTRAL,20 - 24 years,3750
KIAN TECK,20 - 24 years,-
SAFTI,20 - 24 years,-
TAMAN JURONG,20 - 24 years,2650
WENYA,20 - 24 years,380
YUNNAN,20 - 24 years,5440
BENDEMEER,20 - 24 years,1490
BOON KENG,20 - 24 years,550
CRAWFORD,20 - 24 years,330
GEYLANG BAHRU,20 - 24 years,600
KALLANG BAHRU,20 - 24 years,-
KAMPONG BUGIS,20 - 24 years,50
KAMPONG JAVA,20 - 24 years,520
LAVENDER,20 - 24 years,430
TANJONG RHU,20 - 24 years,590
LIM CHU KANG,20 - 24 years,10
MANDAI EAST,20 - 24 years,-
MANDAI ESTATE,20 - 24 years,170
MANDAI WEST,20 - 24 years,-
MARINA EAST,20 - 24 years,-
MARINA SOUTH,20 - 24 years,-
EAST COAST,20 - 24 years,-
KATONG,20 - 24 years,500
MARINA EAST (MP),20 - 24 years,-
MARINE PARADE,20 - 24 years,1320
MOUNTBATTEN,20 - 24 years,570
BRAS BASAH,20 - 24 years,-
DHOBY GHAUT,20 - 24 years,10
FORT CANNING,20 - 24 years,10
CAIRNHILL,20 - 24 years,170
GOODWOOD PARK,20 - 24 years,40
ISTANA NEGARA,20 - 24 years,-
MONK'S HILL,20 - 24 years,50
NEWTON CIRCUS,20 - 24 years,10
ORANGE GROVE,20 - 24 years,70
NORTH-EASTERN ISLANDS,20 - 24 years,-
BALESTIER,20 - 24 years,1620
DUNEARN,20 - 24 years,260
MALCOLM,20 - 24 years,140
MOULMEIN,20 - 24 years,340
MOUNT PLEASANT,20 - 24 years,50
BOULEVARD,20 - 24 years,10
SOMERSET,20 - 24 years,10
TANGLIN,20 - 24 years,10
CHINA SQUARE,20 - 24 years,50
CHINATOWN,20 - 24 years,370
PEARL'S HILL,20 - 24 years,250
PEOPLE'S PARK,20 - 24 years,10
FLORA DRIVE,20 - 24 years,1000
LOYANG EAST,20 - 24 years,160
LOYANG WEST,20 - 24 years,-
PASIR RIS CENTRAL,20 - 24 years,2450
PASIR RIS DRIVE,20 - 24 years,4960
PASIR RIS PARK,20 - 24 years,460
PASIR RIS WAFER FAB PARK,20 - 24 years,-
PASIR RIS WEST,20 - 24 years,3420
AIRPORT ROAD,20 - 24 years,-
PAYA LEBAR EAST,20 - 24 years,-
PAYA LEBAR NORTH,20 - 24 years,-
PAYA LEBAR WEST,20 - 24 years,-
PLAB,20 - 24 years,-
BENOI SECTOR,20 - 24 years,-
GUL BASIN,20 - 24 years,-
GUL CIRCLE,20 - 24 years,-
JOO KOON,20 - 24 years,-
PIONEER SECTOR,20 - 24 years,-
CONEY ISLAND,20 - 24 years,-
MATILDA,20 - 24 years,1860
NORTHSHORE,20 - 24 years,40
PUNGGOL CANAL,20 - 24 years,-
PUNGGOL FIELD,20 - 24 years,2650
PUNGGOL TOWN CENTRE,20 - 24 years,640
WATERWAY EAST,20 - 24 years,1640
COMMONWEALTH,20 - 24 years,300
DOVER,20 - 24 years,650
GHIM MOH,20 - 24 years,590
HOLLAND DRIVE,20 - 24 years,540
KENT RIDGE,20 - 24 years,-
MARGARET DRIVE,20 - 24 years,590
MEI CHIN,20 - 24 years,920
NATIONAL UNIVERSITY OF S'PORE,20 - 24 years,120
ONE NORTH,20 - 24 years,20
PASIR PANJANG 1,20 - 24 years,270
PASIR PANJANG 2,20 - 24 years,200
PORT,20 - 24 years,10
QUEENSWAY,20 - 24 years,20
SINGAPORE POLYTECHNIC,20 - 24 years,-
TANGLIN HALT,20 - 24 years,390
INSTITUTION HILL,20 - 24 years,120
LEONIE HILL,20 - 24 years,130
ONE TREE HILL,20 - 24 years,110
OXLEY,20 - 24 years,50
PATERSON,20 - 24 years,10
BENCOOLEN,20 - 24 years,60
FARRER PARK,20 - 24 years,120
KAMPONG GLAM,20 - 24 years,-
LITTLE INDIA,20 - 24 years,180
MACKENZIE,20 - 24 years,-
MOUNT EMILY,20 - 24 years,40
ROCHOR CANAL,20 - 24 years,-
SELEGIE,20 - 24 years,10
SUNGEI ROAD,20 - 24 years,110
VICTORIA,20 - 24 years,70
PULAU PUNGGOL BARAT,20 - 24 years,-
PULAU PUNGGOL TIMOR,20 - 24 years,-
SELETAR,20 - 24 years,30
SELETAR AEROSPACE PARK,20 - 24 years,-
ADMIRALTY,20 - 24 years,800
SEMBAWANG CENTRAL,20 - 24 years,2250
SEMBAWANG EAST,20 - 24 years,780
SEMBAWANG NORTH,20 - 24 years,1580
SEMBAWANG SPRINGS,20 - 24 years,460
SEMBAWANG STRAITS,20 - 24 years,160
SENOKO NORTH,20 - 24 years,-
SENOKO SOUTH,20 - 24 years,-
THE WHARVES,20 - 24 years,-
ANCHORVALE,20 - 24 years,2060
COMPASSVALE,20 - 24 years,630
FERNVALE,20 - 24 years,2390
LORONG HALUS NORTH,20 - 24 years,-
RIVERVALE,20 - 24 years,4170
SENGKANG TOWN CENTRE,20 - 24 years,3940
SENGKANG WEST,20 - 24 years,-
LORONG CHUAN,20 - 24 years,610
SELETAR HILLS,20 - 24 years,1100
SERANGOON CENTRAL,20 - 24 years,1400
SERANGOON GARDEN,20 - 24 years,2240
SERANGOON NORTH,20 - 24 years,1260
SERANGOON NORTH IND ESTATE,20 - 24 years,-
UPPER PAYA LEBAR,20 - 24 years,900
PULAU SELETAR,20 - 24 years,-
SIMPANG NORTH,20 - 24 years,-
SIMPANG SOUTH,20 - 24 years,-
TANJONG IRAU,20 - 24 years,-
BOAT QUAY,20 - 24 years,-
CLARKE QUAY,20 - 24 years,10
ROBERTSON QUAY,20 - 24 years,100
SENTOSA,20 - 24 years,90
SOUTHERN GROUP,20 - 24 years,-
STRAITS VIEW,20 - 24 years,-
GALI BATU,20 - 24 years,-
KRANJI,20 - 24 years,-
PANG SUA,20 - 24 years,-
RESERVOIR VIEW,20 - 24 years,-
TURF CLUB,20 - 24 years,50
SIMEI,20 - 24 years,2660
TAMPINES EAST,20 - 24 years,9230
TAMPINES NORTH,20 - 24 years,200
TAMPINES WEST,20 - 24 years,5340
XILIN,20 - 24 years,160
CHATSWORTH,20 - 24 years,270
NASSIM,20 - 24 years,440
RIDOUT,20 - 24 years,70
TYERSALL,20 - 24 years,210
BRICKLAND,20 - 24 years,-
FOREST HILL,20 - 24 years,-
GARDEN,20 - 24 years,-
PARK,20 - 24 years,-
PLANTATION,20 - 24 years,-
TENGAH INDUSTRIAL ESTATE,20 - 24 years,-
BIDADARI,20 - 24 years,-
BOON TECK,20 - 24 years,770
BRADDELL,20 - 24 years,560
JOO SENG,20 - 24 years,390
KIM KEAT,20 - 24 years,440
LORONG 8 TOA PAYOH,20 - 24 years,410
PEI CHUN,20 - 24 years,560
POTONG PASIR,20 - 24 years,510
SENNETT,20 - 24 years,310
TOA PAYOH CENTRAL,20 - 24 years,1490
TOA PAYOH WEST,20 - 24 years,610
WOODLEIGH,20 - 24 years,140
TENGEH,20 - 24 years,-
TUAS BAY,20 - 24 years,-
TUAS NORTH,20 - 24 years,-
TUAS PROMENADE,20 - 24 years,-
TUAS VIEW,20 - 24 years,-
TUAS VIEW EXTENSION,20 - 24 years,-
JURONG ISLAND AND BUKOM,20 - 24 years,-
SEMAKAU,20 - 24 years,-
SUDONG,20 - 24 years,-
BAHAR,20 - 24 years,-
CLEANTECH,20 - 24 years,-
MURAI,20 - 24 years,130
GREENWOOD PARK,20 - 24 years,-
MIDVIEW,20 - 24 years,3460
NORTH COAST,20 - 24 years,970
SENOKO WEST,20 - 24 years,-
WOODGROVE,20 - 24 years,3320
WOODLANDS EAST,20 - 24 years,8020
WOODLANDS REGIONAL CENTRE,20 - 24 years,-
WOODLANDS SOUTH,20 - 24 years,3080
WOODLANDS WEST,20 - 24 years,2590
KHATIB,20 - 24 years,590
LOWER SELETAR,20 - 24 years,770
NEE SOON,20 - 24 years,50
NORTHLAND,20 - 24 years,1910
SPRINGLEAF,20 - 24 years,320
YISHUN CENTRAL,20 - 24 years,170
YISHUN EAST,20 - 24 years,3300
YISHUN SOUTH,20 - 24 years,2500
YISHUN WEST,20 - 24 years,3410
ANG MO KIO TOWN CENTRE,25 - 29 years,280
CHENG SAN,25 - 29 years,1710
CHONG BOON,25 - 29 years,1610
KEBUN BAHRU,25 - 29 years,1420
SEMBAWANG HILLS,25 - 29 years,500
SHANGRI-LA,25 - 29 years,980
TAGORE,25 - 29 years,670
TOWNSVILLE,25 - 29 years,1310
YIO CHU KANG,25 - 29 years,-
YIO CHU KANG EAST,25 - 29 years,320
YIO CHU KANG NORTH,25 - 29 years,-
YIO CHU KANG WEST,25 - 29 years,1540
BAYSHORE,25 - 29 years,310
BEDOK NORTH,25 - 29 years,5620
BEDOK RESERVOIR,25 - 29 years,1600
BEDOK SOUTH,25 - 29 years,3130
FRANKEL,25 - 29 years,2050
KAKI BUKIT,25 - 29 years,3140
KEMBANGAN,25 - 29 years,2620
SIGLAP,25 - 29 years,400
BISHAN EAST,25 - 29 years,2280
MARYMOUNT,25 - 29 years,2630
UPPER THOMSON,25 - 29 years,2010
LIU FANG,25 - 29 years,-
SAMULUN,25 - 29 years,-
SHIPYARD,25 - 29 years,-
TUKANG,25 - 29 years,-
BRICKWORKS,25 - 29 years,2280
BUKIT BATOK CENTRAL,25 - 29 years,1900
BUKIT BATOK EAST,25 - 29 years,960
BUKIT BATOK SOUTH,25 - 29 years,1190
BUKIT BATOK WEST,25 - 29 years,990
GOMBAK,25 - 29 years,700
GUILIN,25 - 29 years,870
HILLVIEW,25 - 29 years,1490
HONG KAH NORTH,25 - 29 years,2110
ALEXANDRA HILL,25 - 29 years,870
ALEXANDRA NORTH,25 - 29 years,130
BUKIT HO SWEE,25 - 29 years,820
BUKIT MERAH,25 - 29 years,60
CITY TERMINALS,25 - 29 years,-
DEPOT ROAD,25 - 29 years,310
EVERTON PARK,25 - 29 years,470
HENDERSON HILL,25 - 29 years,860
KAMPONG TIONG BAHRU,25 - 29 years,530
MARITIME SQUARE,25 - 29 years,140
REDHILL,25 - 29 years,630
SINGAPORE GENERAL HOSPITAL,25 - 29 years,-
TELOK BLANGAH DRIVE,25 - 29 years,1090
TELOK BLANGAH RISE,25 - 29 years,740
TELOK BLANGAH WAY,25 - 29 years,480
TIONG BAHRU,25 - 29 years,720
TIONG BAHRU STATION,25 - 29 years,1050
BANGKIT,25 - 29 years,1900
DAIRY FARM,25 - 29 years,470
FAJAR,25 - 29 years,2140
JELEBU,25 - 29 years,2750
NATURE RESERVE,25 - 29 years,260
SAUJANA,25 - 29 years,1820
SENJA,25 - 29 years,1190
ANAK BUKIT,25 - 29 years,1660
CORONATION ROAD,25 - 29 years,330
FARRER COURT,25 - 29 years,290
HILLCREST,25 - 29 years,420
HOLLAND ROAD,25 - 29 years,510
LEEDON PARK,25 - 29 years,360
SWISS CLUB,25 - 29 years,330
ULU PANDAN,25 - 29 years,660
CENTRAL WATER CATCHMENT,25 - 29 years,-
CHANGI AIRPORT,25 - 29 years,-
CHANGI POINT,25 - 29 years,30
CHANGI WEST,25 - 29 years,70
CHANGI BAY,25 - 29 years,-
CHOA CHU KANG CENTRAL,25 - 29 years,1950
CHOA CHU KANG NORTH,25 - 29 years,3060
KEAT HONG,25 - 29 years,3260
PENG SIANG,25 - 29 years,2980
TECK WHYE,25 - 29 years,2310
YEW TEE,25 - 29 years,3060
CLEMENTI CENTRAL,25 - 29 years,880
CLEMENTI NORTH,25 - 29 years,1540
CLEMENTI WEST,25 - 29 years,810
CLEMENTI WOODS,25 - 29 years,870
FABER,25 - 29 years,290
PANDAN,25 - 29 years,-
SUNSET WAY,25 - 29 years,360
TOH TUCK,25 - 29 years,-
WEST COAST,25 - 29 years,370
ANSON,25 - 29 years,-
BAYFRONT SUBZONE,25 - 29 years,-
BUGIS,25 - 29 years,60
CECIL,25 - 29 years,20
CENTRAL SUBZONE,25 - 29 years,70
CITY HALL,25 - 29 years,-
CLIFFORD PIER,25 - 29 years,-
MARINA CENTRE,25 - 29 years,-
MAXWELL,25 - 29 years,-
NICOLL,25 - 29 years,30
PHILLIP,25 - 29 years,-
RAFFLES PLACE,25 - 29 years,-
TANJONG PAGAR,25 - 29 years,50
ALJUNIED,25 - 29 years,2840
GEYLANG EAST,25 - 29 years,2050
KALLANG WAY,25 - 29 years,-
KAMPONG UBI,25 - 29 years,1040
MACPHERSON,25 - 29 years,2010
DEFU INDUSTRIAL PARK,25 - 29 years,-
HOUGANG CENTRAL,25 - 29 years,440
HOUGANG EAST,25 - 29 years,2110
HOUGANG WEST,25 - 29 years,4030
KANGKAR,25 - 29 years,2040
KOVAN,25 - 29 years,1890
LORONG AH SOO,25 - 29 years,2270
LORONG HALUS,25 - 29 years,-
TAI SENG,25 - 29 years,990
TRAFALGAR,25 - 29 years,3830
INTERNATIONAL BUSINESS PARK,25 - 29 years,-
JURONG GATEWAY,25 - 29 years,50
JURONG PORT,25 - 29 years,-
JURONG RIVER,25 - 29 years,-
LAKESIDE (BUSINESS),25 - 29 years,-
LAKESIDE (LEISURE),25 - 29 years,50
PENJURU CRESCENT,25 - 29 years,-
TEBAN GARDENS,25 - 29 years,1150
TOH GUAN,25 - 29 years,1260
YUHUA EAST,25 - 29 years,1790
YUHUA WEST,25 - 29 years,1400
BOON LAY PLACE,25 - 29 years,1960
CHIN BEE,25 - 29 years,-
HONG KAH,25 - 29 years,3730
JURONG WEST CENTRAL,25 - 29 years,4160
KIAN TECK,25 - 29 years,-
SAFTI,25 - 29 years,-
TAMAN JURONG,25 - 29 years,2860
WENYA,25 - 29 years,460
YUNNAN,25 - 29 years,6130
BENDEMEER,25 - 29 years,2310
BOON KENG,25 - 29 years,760
CRAWFORD,25 - 29 years,430
GEYLANG BAHRU,25 - 29 years,660
KALLANG BAHRU,25 - 29 years,-
KAMPONG BUGIS,25 - 29 years,100
KAMPONG JAVA,25 - 29 years,640
LAVENDER,25 - 29 years,580
TANJONG RHU,25 - 29 years,500
LIM CHU KANG,25 - 29 years,10
MANDAI EAST,25 - 29 years,-
MANDAI ESTATE,25 - 29 years,170
MANDAI WEST,25 - 29 years,-
MARINA EAST,25 - 29 years,-
MARINA SOUTH,25 - 29 years,-
EAST COAST,25 - 29 years,-
KATONG,25 - 29 years,560
MARINA EAST (MP),25 - 29 years,-
MARINE PARADE,25 - 29 years,1330
MOUNTBATTEN,25 - 29 years,610
BRAS BASAH,25 - 29 years,-
DHOBY GHAUT,25 - 29 years,20
FORT CANNING,25 - 29 years,10
CAIRNHILL,25 - 29 years,190
GOODWOOD PARK,25 - 29 years,60
ISTANA NEGARA,25 - 29 years,-
MONK'S HILL,25 - 29 years,50
NEWTON CIRCUS,25 - 29 years,10
ORANGE GROVE,25 - 29 years,80
NORTH-EASTERN ISLANDS,25 - 29 years,-
BALESTIER,25 - 29 years,2000
DUNEARN,25 - 29 years,220
MALCOLM,25 - 29 years,140
MOULMEIN,25 - 29 years,390
MOUNT PLEASANT,25 - 29 years,50
BOULEVARD,25 - 29 years,20
SOMERSET,25 - 29 years,10
TANGLIN,25 - 29 years,10
CHINA SQUARE,25 - 29 years,70
CHINATOWN,25 - 29 years,550
PEARL'S HILL,25 - 29 years,250
PEOPLE'S PARK,25 - 29 years,40
FLORA DRIVE,25 - 29 years,1030
LOYANG EAST,25 - 29 years,190
LOYANG WEST,25 - 29 years,-
PASIR RIS CENTRAL,25 - 29 years,2680
PASIR RIS DRIVE,25 - 29 years,5870
PASIR RIS PARK,25 - 29 years,360
PASIR RIS WAFER FAB PARK,25 - 29 years,-
PASIR RIS WEST,25 - 29 years,3280
AIRPORT ROAD,25 - 29 years,-
PAYA LEBAR EAST,25 - 29 years,-
PAYA LEBAR NORTH,25 - 29 years,-
PAYA LEBAR WEST,25 - 29 years,-
PLAB,25 - 29 years,-
BENOI SECTOR,25 - 29 years,-
GUL BASIN,25 - 29 years,-
GUL CIRCLE,25 - 29 years,-
JOO KOON,25 - 29 years,-
PIONEER SECTOR,25 - 29 years,-
CONEY ISLAND,25 - 29 years,-
MATILDA,25 - 29 years,2640
NORTHSHORE,25 - 29 years,40
PUNGGOL CANAL,25 - 29 years,-
PUNGGOL FIELD,25 - 29 years,2470
PUNGGOL TOWN CENTRE,25 - 29 years,1010
WATERWAY EAST,25 - 29 years,2160
COMMONWEALTH,25 - 29 years,400
DOVER,25 - 29 years,670
GHIM MOH,25 - 29 years,790
HOLLAND DRIVE,25 - 29 years,800
KENT RIDGE,25 - 29 years,-
MARGARET DRIVE,25 - 29 years,860
MEI CHIN,25 - 29 years,1120
NATIONAL UNIVERSITY OF S'PORE,25 - 29 years,30
ONE NORTH,25 - 29 years,30
PASIR PANJANG 1,25 - 29 years,350
PASIR PANJANG 2,25 - 29 years,250
PORT,25 - 29 years,10
QUEENSWAY,25 - 29 years,20
SINGAPORE POLYTECHNIC,25 - 29 years,-
TANGLIN HALT,25 - 29 years,580
INSTITUTION HILL,25 - 29 years,130
LEONIE HILL,25 - 29 years,180
ONE TREE HILL,25 - 29 years,110
OXLEY,25 - 29 years,100
PATERSON,25 - 29 years,10
BENCOOLEN,25 - 29 years,80
FARRER PARK,25 - 29 years,150
KAMPONG GLAM,25 - 29 years,10
LITTLE INDIA,25 - 29 years,210
MACKENZIE,25 - 29 years,10
MOUNT EMILY,25 - 29 years,90
ROCHOR CANAL,25 - 29 years,-
SELEGIE,25 - 29 years,10
SUNGEI ROAD,25 - 29 years,110
VICTORIA,25 - 29 years,90
PULAU PUNGGOL BARAT,25 - 29 years,-
PULAU PUNGGOL TIMOR,25 - 29 years,-
SELETAR,25 - 29 years,10
SELETAR AEROSPACE PARK,25 - 29 years,-
ADMIRALTY,25 - 29 years,820
SEMBAWANG CENTRAL,25 - 29 years,2570
SEMBAWANG EAST,25 - 29 years,2100
SEMBAWANG NORTH,25 - 29 years,1520
SEMBAWANG SPRINGS,25 - 29 years,550
SEMBAWANG STRAITS,25 - 29 years,140
SENOKO NORTH,25 - 29 years,-
SENOKO SOUTH,25 - 29 years,-
THE WHARVES,25 - 29 years,-
ANCHORVALE,25 - 29 years,2470
COMPASSVALE,25 - 29 years,990
FERNVALE,25 - 29 years,2660
LORONG HALUS NORTH,25 - 29 years,-
RIVERVALE,25 - 29 years,4090
SENGKANG TOWN CENTRE,25 - 29 years,4110
SENGKANG WEST,25 - 29 years,-
LORONG CHUAN,25 - 29 years,640
SELETAR HILLS,25 - 29 years,1150
SERANGOON CENTRAL,25 - 29 years,2000
SERANGOON GARDEN,25 - 29 years,2650
SERANGOON NORTH,25 - 29 years,1450
SERANGOON NORTH IND ESTATE,25 - 29 years,-
UPPER PAYA LEBAR,25 - 29 years,1430
PULAU SELETAR,25 - 29 years,-
SIMPANG NORTH,25 - 29 years,-
SIMPANG SOUTH,25 - 29 years,-
TANJONG IRAU,25 - 29 years,-
BOAT QUAY,25 - 29 years,10
CLARKE QUAY,25 - 29 years,10
ROBERTSON QUAY,25 - 29 years,110
SENTOSA,25 - 29 years,90
SOUTHERN GROUP,25 - 29 years,-
STRAITS VIEW,25 - 29 years,-
GALI BATU,25 - 29 years,-
KRANJI,25 - 29 years,-
PANG SUA,25 - 29 years,-
RESERVOIR VIEW,25 - 29 years,-
TURF CLUB,25 - 29 years,50
SIMEI,25 - 29 years,3210
TAMPINES EAST,25 - 29 years,11060
TAMPINES NORTH,25 - 29 years,1060
TAMPINES WEST,25 - 29 years,6340
XILIN,25 - 29 years,170
CHATSWORTH,25 - 29 years,290
NASSIM,25 - 29 years,430
RIDOUT,25 - 29 years,80
TYERSALL,25 - 29 years,210
BRICKLAND,25 - 29 years,-
FOREST HILL,25 - 29 years,-
GARDEN,25 - 29 years,-
PARK,25 - 29 years,-
PLANTATION,25 - 29 years,-
TENGAH INDUSTRIAL ESTATE,25 - 29 years,-
BIDADARI,25 - 29 years,-
BOON TECK,25 - 29 years,1000
BRADDELL,25 - 29 years,700
JOO SENG,25 - 29 years,550
KIM KEAT,25 - 29 years,630
LORONG 8 TOA PAYOH,25 - 29 years,500
PEI CHUN,25 - 29 years,600
POTONG PASIR,25 - 29 years,730
SENNETT,25 - 29 years,600
TOA PAYOH CENTRAL,25 - 29 years,1800
TOA PAYOH WEST,25 - 29 years,880
WOODLEIGH,25 - 29 years,180
TENGEH,25 - 29 years,-
TUAS BAY,25 - 29 years,-
TUAS NORTH,25 - 29 years,-
TUAS PROMENADE,25 - 29 years,-
TUAS VIEW,25 - 29 years,-
TUAS VIEW EXTENSION,25 - 29 years,-
JURONG ISLAND AND BUKOM,25 - 29 years,-
SEMAKAU,25 - 29 years,-
SUDONG,25 - 29 years,-
BAHAR,25 - 29 years,-
CLEANTECH,25 - 29 years,-
MURAI,25 - 29 years,50
GREENWOOD PARK,25 - 29 years,-
MIDVIEW,25 - 29 years,3220
NORTH COAST,25 - 29 years,1000
SENOKO WEST,25 - 29 years,-
WOODGROVE,25 - 29 years,3210
WOODLANDS EAST,25 - 29 years,7660
WOODLANDS REGIONAL CENTRE,25 - 29 years,-
WOODLANDS SOUTH,25 - 29 years,2630
WOODLANDS WEST,25 - 29 years,3010
KHATIB,25 - 29 years,940
LOWER SELETAR,25 - 29 years,1150
NEE SOON,25 - 29 years,50
NORTHLAND,25 - 29 years,2320
SPRINGLEAF,25 - 29 years,410
YISHUN CENTRAL,25 - 29 years,220
YISHUN EAST,25 - 29 years,4220
YISHUN SOUTH,25 - 29 years,3600
YISHUN WEST,25 - 29 years,3810
ANG MO KIO TOWN CENTRE,30 - 34 years,290
CHENG SAN,30 - 34 years,2000
CHONG BOON,30 - 34 years,1890
KEBUN BAHRU,30 - 34 years,1410
SEMBAWANG HILLS,30 - 34 years,350
SHANGRI-LA,30 - 34 years,1020
TAGORE,30 - 34 years,490
TOWNSVILLE,30 - 34 years,1400
YIO CHU KANG,30 - 34 years,-
YIO CHU KANG EAST,30 - 34 years,230
YIO CHU KANG NORTH,30 - 34 years,-
YIO CHU KANG WEST,30 - 34 years,1400
BAYSHORE,30 - 34 years,360
BEDOK NORTH,30 - 34 years,5280
BEDOK RESERVOIR,30 - 34 years,1830
BEDOK SOUTH,30 - 34 years,2920
FRANKEL,30 - 34 years,2000
KAKI BUKIT,30 - 34 years,2830
KEMBANGAN,30 - 34 years,2790
SIGLAP,30 - 34 years,360
BISHAN EAST,30 - 34 years,2150
MARYMOUNT,30 - 34 years,1840
UPPER THOMSON,30 - 34 years,1740
LIU FANG,30 - 34 years,-
SAMULUN,30 - 34 years,-
SHIPYARD,30 - 34 years,-
TUKANG,30 - 34 years,-
BRICKWORKS,30 - 34 years,3540
BUKIT BATOK CENTRAL,30 - 34 years,2460
BUKIT BATOK EAST,30 - 34 years,880
BUKIT BATOK SOUTH,30 - 34 years,1240
BUKIT BATOK WEST,30 - 34 years,1180
GOMBAK,30 - 34 years,610
GUILIN,30 - 34 years,850
HILLVIEW,30 - 34 years,1060
HONG KAH NORTH,30 - 34 years,1800
ALEXANDRA HILL,30 - 34 years,840
ALEXANDRA NORTH,30 - 34 years,240
BUKIT HO SWEE,30 - 34 years,930
BUKIT MERAH,30 - 34 years,60
CITY TERMINALS,30 - 34 years,-
DEPOT ROAD,30 - 34 years,470
EVERTON PARK,30 - 34 years,510
HENDERSON HILL,30 - 34 years,930
KAMPONG TIONG BAHRU,30 - 34 years,490
MARITIME SQUARE,30 - 34 years,180
REDHILL,30 - 34 years,650
SINGAPORE GENERAL HOSPITAL,30 - 34 years,-
TELOK BLANGAH DRIVE,30 - 34 years,2010
TELOK BLANGAH RISE,30 - 34 years,660
TELOK BLANGAH WAY,30 - 34 years,460
TIONG BAHRU,30 - 34 years,1080
TIONG BAHRU STATION,30 - 34 years,1010
BANGKIT,30 - 34 years,1560
DAIRY FARM,30 - 34 years,460
FAJAR,30 - 34 years,2350
JELEBU,30 - 34 years,2190
NATURE RESERVE,30 - 34 years,200
SAUJANA,30 - 34 years,2130
SENJA,30 - 34 years,1570
ANAK BUKIT,30 - 34 years,1310
CORONATION ROAD,30 - 34 years,330
FARRER COURT,30 - 34 years,350
HILLCREST,30 - 34 years,410
HOLLAND ROAD,30 - 34 years,500
LEEDON PARK,30 - 34 years,350
SWISS CLUB,30 - 34 years,280
ULU PANDAN,30 - 34 years,570
CENTRAL WATER CATCHMENT,30 - 34 years,-
CHANGI AIRPORT,30 - 34 years,-
CHANGI POINT,30 - 34 years,20
CHANGI WEST,30 - 34 years,120
CHANGI BAY,30 - 34 years,-
CHOA CHU KANG CENTRAL,30 - 34 years,1360
CHOA CHU KANG NORTH,30 - 34 years,1660
KEAT HONG,30 - 34 years,4690
PENG SIANG,30 - 34 years,2750
TECK WHYE,30 - 34 years,1600
YEW TEE,30 - 34 years,2390
CLEMENTI CENTRAL,30 - 34 years,830
CLEMENTI NORTH,30 - 34 years,2190
CLEMENTI WEST,30 - 34 years,820
CLEMENTI WOODS,30 - 34 years,1060
FABER,30 - 34 years,370
PANDAN,30 - 34 years,-
SUNSET WAY,30 - 34 years,330
TOH TUCK,30 - 34 years,-
WEST COAST,30 - 34 years,320
ANSON,30 - 34 years,-
BAYFRONT SUBZONE,30 - 34 years,-
BUGIS,30 - 34 years,60
CECIL,30 - 34 years,40
CENTRAL SUBZONE,30 - 34 years,90
CITY HALL,30 - 34 years,-
CLIFFORD PIER,30 - 34 years,-
MARINA CENTRE,30 - 34 years,-
MAXWELL,30 - 34 years,-
NICOLL,30 - 34 years,20
PHILLIP,30 - 34 years,-
RAFFLES PLACE,30 - 34 years,-
TANJONG PAGAR,30 - 34 years,100
ALJUNIED,30 - 34 years,3000
GEYLANG EAST,30 - 34 years,2000
KALLANG WAY,30 - 34 years,-
KAMPONG UBI,30 - 34 years,1010
MACPHERSON,30 - 34 years,2270
DEFU INDUSTRIAL PARK,30 - 34 years,-
HOUGANG CENTRAL,30 - 34 years,350
HOUGANG EAST,30 - 34 years,2290
HOUGANG WEST,30 - 34 years,3540
KANGKAR,30 - 34 years,2710
KOVAN,30 - 34 years,1660
LORONG AH SOO,30 - 34 years,2180
LORONG HALUS,30 - 34 years,-
TAI SENG,30 - 34 years,830
TRAFALGAR,30 - 34 years,3640
INTERNATIONAL BUSINESS PARK,30 - 34 years,-
JURONG GATEWAY,30 - 34 years,40
JURONG PORT,30 - 34 years,-
JURONG RIVER,30 - 34 years,-
LAKESIDE (BUSINESS),30 - 34 years,-
LAKESIDE (LEISURE),30 - 34 years,50
PENJURU CRESCENT,30 - 34 years,-
TEBAN GARDENS,30 - 34 years,1240
TOH GUAN,30 - 34 years,1080
YUHUA EAST,30 - 34 years,1650
YUHUA WEST,30 - 34 years,1310
BOON LAY PLACE,30 - 34 years,2270
CHIN BEE,30 - 34 years,-
HONG KAH,30 - 34 years,3720
JURONG WEST CENTRAL,30 - 34 years,4690
KIAN TECK,30 - 34 years,-
SAFTI,30 - 34 years,-
TAMAN JURONG,30 - 34 years,2910
WENYA,30 - 34 years,500
YUNNAN,30 - 34 years,4240
BENDEMEER,30 - 34 years,3280
BOON KENG,30 - 34 years,860
CRAWFORD,30 - 34 years,400
GEYLANG BAHRU,30 - 34 years,660
KALLANG BAHRU,30 - 34 years,-
KAMPONG BUGIS,30 - 34 years,80
KAMPONG JAVA,30 - 34 years,660
LAVENDER,30 - 34 years,640
TANJONG RHU,30 - 34 years,600
LIM CHU KANG,30 - 34 years,-
MANDAI EAST,30 - 34 years,-
MANDAI ESTATE,30 - 34 years,120
MANDAI WEST,30 - 34 years,-
MARINA EAST,30 - 34 years,-
MARINA SOUTH,30 - 34 years,-
EAST COAST,30 - 34 years,-
KATONG,30 - 34 years,490
MARINA EAST (MP),30 - 34 years,-
MARINE PARADE,30 - 34 years,1320
MOUNTBATTEN,30 - 34 years,580
BRAS BASAH,30 - 34 years,-
DHOBY GHAUT,30 - 34 years,50
FORT CANNING,30 - 34 years,10
CAIRNHILL,30 - 34 years,240
GOODWOOD PARK,30 - 34 years,80
ISTANA NEGARA,30 - 34 years,-
MONK'S HILL,30 - 34 years,50
NEWTON CIRCUS,30 - 34 years,10
ORANGE GROVE,30 - 34 years,90
NORTH-EASTERN ISLANDS,30 - 34 years,-
BALESTIER,30 - 34 years,2420
DUNEARN,30 - 34 years,170
MALCOLM,30 - 34 years,130
MOULMEIN,30 - 34 years,510
MOUNT PLEASANT,30 - 34 years,40
BOULEVARD,30 - 34 years,30
SOMERSET,30 - 34 years,10
TANGLIN,30 - 34 years,20
CHINA SQUARE,30 - 34 years,80
CHINATOWN,30 - 34 years,690
PEARL'S HILL,30 - 34 years,260
PEOPLE'S PARK,30 - 34 years,40
FLORA DRIVE,30 - 34 years,860
LOYANG EAST,30 - 34 years,110
LOYANG WEST,30 - 34 years,-
PASIR RIS CENTRAL,30 - 34 years,2390
PASIR RIS DRIVE,30 - 34 years,3260
PASIR RIS PARK,30 - 34 years,530
PASIR RIS WAFER FAB PARK,30 - 34 years,-
PASIR RIS WEST,30 - 34 years,1880
AIRPORT ROAD,30 - 34 years,-
PAYA LEBAR EAST,30 - 34 years,-
PAYA LEBAR NORTH,30 - 34 years,-
PAYA LEBAR WEST,30 - 34 years,-
PLAB,30 - 34 years,-
BENOI SECTOR,30 - 34 years,-
GUL BASIN,30 - 34 years,-
GUL CIRCLE,30 - 34 years,-
JOO KOON,30 - 34 years,-
PIONEER SECTOR,30 - 34 years,-
CONEY ISLAND,30 - 34 years,-
MATILDA,30 - 34 years,5470
NORTHSHORE,30 - 34 years,40
PUNGGOL CANAL,30 - 34 years,-
PUNGGOL FIELD,30 - 34 years,2760
PUNGGOL TOWN CENTRE,30 - 34 years,3030
WATERWAY EAST,30 - 34 years,5910
COMMONWEALTH,30 - 34 years,420
DOVER,30 - 34 years,550
GHIM MOH,30 - 34 years,1310
HOLLAND DRIVE,30 - 34 years,830
KENT RIDGE,30 - 34 years,-
MARGARET DRIVE,30 - 34 years,1260
MEI CHIN,30 - 34 years,960
NATIONAL UNIVERSITY OF S'PORE,30 - 34 years,20
ONE NORTH,30 - 34 years,40
PASIR PANJANG 1,30 - 34 years,310
PASIR PANJANG 2,30 - 34 years,180
PORT,30 - 34 years,10
QUEENSWAY,30 - 34 years,20
SINGAPORE POLYTECHNIC,30 - 34 years,-
TANGLIN HALT,30 - 34 years,730
INSTITUTION HILL,30 - 34 years,180
LEONIE HILL,30 - 34 years,190
ONE TREE HILL,30 - 34 years,100
OXLEY,30 - 34 years,100
PATERSON,30 - 34 years,20
BENCOOLEN,30 - 34 years,100
FARRER PARK,30 - 34 years,180
KAMPONG GLAM,30 - 34 years,10
LITTLE INDIA,30 - 34 years,190
MACKENZIE,30 - 34 years,10
MOUNT EMILY,30 - 34 years,170
ROCHOR CANAL,30 - 34 years,-
SELEGIE,30 - 34 years,10
SUNGEI ROAD,30 - 34 years,120
VICTORIA,30 - 34 years,130
PULAU PUNGGOL BARAT,30 - 34 years,-
PULAU PUNGGOL TIMOR,30 - 34 years,-
SELETAR,30 - 34 years,-
SELETAR AEROSPACE PARK,30 - 34 years,-
ADMIRALTY,30 - 34 years,990
SEMBAWANG CENTRAL,30 - 34 years,2810
SEMBAWANG EAST,30 - 34 years,2690
SEMBAWANG NORTH,30 - 34 years,1610
SEMBAWANG SPRINGS,30 - 34 years,940
SEMBAWANG STRAITS,30 - 34 years,100
SENOKO NORTH,30 - 34 years,-
SENOKO SOUTH,30 - 34 years,-
THE WHARVES,30 - 34 years,-
ANCHORVALE,30 - 34 years,4690
COMPASSVALE,30 - 34 years,1980
FERNVALE,30 - 34 years,5430
LORONG HALUS NORTH,30 - 34 years,-
RIVERVALE,30 - 34 years,4030
SENGKANG TOWN CENTRE,30 - 34 years,5380
SENGKANG WEST,30 - 34 years,-
LORONG CHUAN,30 - 34 years,490
SELETAR HILLS,30 - 34 years,860
SERANGOON CENTRAL,30 - 34 years,1920
SERANGOON GARDEN,30 - 34 years,2300
SERANGOON NORTH,30 - 34 years,1020
SERANGOON NORTH IND ESTATE,30 - 34 years,-
UPPER PAYA LEBAR,30 - 34 years,1430
PULAU SELETAR,30 - 34 years,-
SIMPANG NORTH,30 - 34 years,-
SIMPANG SOUTH,30 - 34 years,-
TANJONG IRAU,30 - 34 years,-
BOAT QUAY,30 - 34 years,-
CLARKE QUAY,30 - 34 years,10
ROBERTSON QUAY,30 - 34 years,170
SENTOSA,30 - 34 years,90
SOUTHERN GROUP,30 - 34 years,-
STRAITS VIEW,30 - 34 years,-
GALI BATU,30 - 34 years,-
KRANJI,30 - 34 years,-
PANG SUA,30 - 34 years,-
RESERVOIR VIEW,30 - 34 years,-
TURF CLUB,30 - 34 years,40
SIMEI,30 - 34 years,2540
TAMPINES EAST,30 - 34 years,9400
TAMPINES NORTH,30 - 34 years,1620
TAMPINES WEST,30 - 34 years,6320
XILIN,30 - 34 years,120
CHATSWORTH,30 - 34 years,420
NASSIM,30 - 34 years,480
RIDOUT,30 - 34 years,90
TYERSALL,30 - 34 years,220
BRICKLAND,30 - 34 years,-
FOREST HILL,30 - 34 years,-
GARDEN,30 - 34 years,-
PARK,30 - 34 years,-
PLANTATION,30 - 34 years,-
TENGAH INDUSTRIAL ESTATE,30 - 34 years,-
BIDADARI,30 - 34 years,-
BOON TECK,30 - 34 years,1080
BRADDELL,30 - 34 years,580
JOO SENG,30 - 34 years,700
KIM KEAT,30 - 34 years,520
LORONG 8 TOA PAYOH,30 - 34 years,380
PEI CHUN,30 - 34 years,520
POTONG PASIR,30 - 34 years,840
SENNETT,30 - 34 years,770
TOA PAYOH CENTRAL,30 - 34 years,1690
TOA PAYOH WEST,30 - 34 years,1130
WOODLEIGH,30 - 34 years,150
TENGEH,30 - 34 years,-
TUAS BAY,30 - 34 years,-
TUAS NORTH,30 - 34 years,-
TUAS PROMENADE,30 - 34 years,-
TUAS VIEW,30 - 34 years,-
TUAS VIEW EXTENSION,30 - 34 years,-
JURONG ISLAND AND BUKOM,30 - 34 years,-
SEMAKAU,30 - 34 years,-
SUDONG,30 - 34 years,-
BAHAR,30 - 34 years,-
CLEANTECH,30 - 34 years,-
MURAI,30 - 34 years,30
GREENWOOD PARK,30 - 34 years,-
MIDVIEW,30 - 34 years,2480
NORTH COAST,30 - 34 years,700
SENOKO WEST,30 - 34 years,-
WOODGROVE,30 - 34 years,2060
WOODLANDS EAST,30 - 34 years,7520
WOODLANDS REGIONAL CENTRE,30 - 34 years,-
WOODLANDS SOUTH,30 - 34 years,2880
WOODLANDS WEST,30 - 34 years,2530
KHATIB,30 - 34 years,800
LOWER SELETAR,30 - 34 years,2740
NEE SOON,30 - 34 years,50
NORTHLAND,30 - 34 years,1990
SPRINGLEAF,30 - 34 years,250
YISHUN CENTRAL,30 - 34 years,200
YISHUN EAST,30 - 34 years,5420
YISHUN SOUTH,30 - 34 years,3720
YISHUN WEST,30 - 34 years,3590
ANG MO KIO TOWN CENTRE,35 - 39 years,330
CHENG SAN,35 - 39 years,2150
CHONG BOON,35 - 39 years,1730
KEBUN BAHRU,35 - 39 years,1450
SEMBAWANG HILLS,35 - 39 years,310
SHANGRI-LA,35 - 39 years,990
TAGORE,35 - 39 years,340
TOWNSVILLE,35 - 39 years,1410
YIO CHU KANG,35 - 39 years,-
YIO CHU KANG EAST,35 - 39 years,240
YIO CHU KANG NORTH,35 - 39 years,-
YIO CHU KANG WEST,35 - 39 years,1480
BAYSHORE,35 - 39 years,550
BEDOK NORTH,35 - 39 years,5100
BEDOK RESERVOIR,35 - 39 years,1900
BEDOK SOUTH,35 - 39 years,2700
FRANKEL,35 - 39 years,2360
KAKI BUKIT,35 - 39 years,2280
KEMBANGAN,35 - 39 years,2520
SIGLAP,35 - 39 years,320
BISHAN EAST,35 - 39 years,1730
MARYMOUNT,35 - 39 years,1770
UPPER THOMSON,35 - 39 years,1590
LIU FANG,35 - 39 years,-
SAMULUN,35 - 39 years,-
SHIPYARD,35 - 39 years,-
TUKANG,35 - 39 years,-
BRICKWORKS,35 - 39 years,1670
BUKIT BATOK CENTRAL,35 - 39 years,1950
BUKIT BATOK EAST,35 - 39 years,810
BUKIT BATOK SOUTH,35 - 39 years,1130
BUKIT BATOK WEST,35 - 39 years,1100
GOMBAK,35 - 39 years,720
GUILIN,35 - 39 years,940
HILLVIEW,35 - 39 years,1010
HONG KAH NORTH,35 - 39 years,1650
ALEXANDRA HILL,35 - 39 years,720
ALEXANDRA NORTH,35 - 39 years,320
BUKIT HO SWEE,35 - 39 years,980
BUKIT MERAH,35 - 39 years,60
CITY TERMINALS,35 - 39 years,-
DEPOT ROAD,35 - 39 years,570
EVERTON PARK,35 - 39 years,540
HENDERSON HILL,35 - 39 years,780
KAMPONG TIONG BAHRU,35 - 39 years,490
MARITIME SQUARE,35 - 39 years,360
REDHILL,35 - 39 years,750
SINGAPORE GENERAL HOSPITAL,35 - 39 years,-
TELOK BLANGAH DRIVE,35 - 39 years,1680
TELOK BLANGAH RISE,35 - 39 years,680
TELOK BLANGAH WAY,35 - 39 years,540
TIONG BAHRU,35 - 39 years,1120
TIONG BAHRU STATION,35 - 39 years,1060
BANGKIT,35 - 39 years,1230
DAIRY FARM,35 - 39 years,440
FAJAR,35 - 39 years,2240
JELEBU,35 - 39 years,1740
NATURE RESERVE,35 - 39 years,220
SAUJANA,35 - 39 years,2300
SENJA,35 - 39 years,1930
ANAK BUKIT,35 - 39 years,1260
CORONATION ROAD,35 - 39 years,440
FARRER COURT,35 - 39 years,470
HILLCREST,35 - 39 years,650
HOLLAND ROAD,35 - 39 years,650
LEEDON PARK,35 - 39 years,400
SWISS CLUB,35 - 39 years,360
ULU PANDAN,35 - 39 years,580
CENTRAL WATER CATCHMENT,35 - 39 years,-
CHANGI AIRPORT,35 - 39 years,-
CHANGI POINT,35 - 39 years,20
CHANGI WEST,35 - 39 years,130
CHANGI BAY,35 - 39 years,-
CHOA CHU KANG CENTRAL,35 - 39 years,1470
CHOA CHU KANG NORTH,35 - 39 years,1570
KEAT HONG,35 - 39 years,3480
PENG SIANG,35 - 39 years,2650
TECK WHYE,35 - 39 years,1370
YEW TEE,35 - 39 years,2660
CLEMENTI CENTRAL,35 - 39 years,910
CLEMENTI NORTH,35 - 39 years,2350
CLEMENTI WEST,35 - 39 years,1010
CLEMENTI WOODS,35 - 39 years,1250
FABER,35 - 39 years,470
PANDAN,35 - 39 years,-
SUNSET WAY,35 - 39 years,320
TOH TUCK,35 - 39 years,-
WEST COAST,35 - 39 years,480
ANSON,35 - 39 years,-
BAYFRONT SUBZONE,35 - 39 years,-
BUGIS,35 - 39 years,90
CECIL,35 - 39 years,60
CENTRAL SUBZONE,35 - 39 years,110
CITY HALL,35 - 39 years,-
CLIFFORD PIER,35 - 39 years,-
MARINA CENTRE,35 - 39 years,-
MAXWELL,35 - 39 years,-
NICOLL,35 - 39 years,20
PHILLIP,35 - 39 years,-
RAFFLES PLACE,35 - 39 years,-
TANJONG PAGAR,35 - 39 years,100
ALJUNIED,35 - 39 years,2960
GEYLANG EAST,35 - 39 years,2160
KALLANG WAY,35 - 39 years,-
KAMPONG UBI,35 - 39 years,800
MACPHERSON,35 - 39 years,1880
DEFU INDUSTRIAL PARK,35 - 39 years,-
HOUGANG CENTRAL,35 - 39 years,260
HOUGANG EAST,35 - 39 years,2160
HOUGANG WEST,35 - 39 years,2750
KANGKAR,35 - 39 years,2800
KOVAN,35 - 39 years,1560
LORONG AH SOO,35 - 39 years,2010
LORONG HALUS,35 - 39 years,-
TAI SENG,35 - 39 years,740
TRAFALGAR,35 - 39 years,3210
INTERNATIONAL BUSINESS PARK,35 - 39 years,-
JURONG GATEWAY,35 - 39 years,40
JURONG PORT,35 - 39 years,-
JURONG RIVER,35 - 39 years,-
LAKESIDE (BUSINESS),35 - 39 years,-
LAKESIDE (LEISURE),35 - 39 years,60
PENJURU CRESCENT,35 - 39 years,-
TEBAN GARDENS,35 - 39 years,1350
TOH GUAN,35 - 39 years,920
YUHUA EAST,35 - 39 years,1610
YUHUA WEST,35 - 39 years,1100
BOON LAY PLACE,35 - 39 years,2470
CHIN BEE,35 - 39 years,-
HONG KAH,35 - 39 years,3710
JURONG WEST CENTRAL,35 - 39 years,5490
KIAN TECK,35 - 39 years,-
SAFTI,35 - 39 years,-
TAMAN JURONG,35 - 39 years,3120
WENYA,35 - 39 years,820
YUNNAN,35 - 39 years,4280
BENDEMEER,35 - 39 years,3240
BOON KENG,35 - 39 years,800
CRAWFORD,35 - 39 years,390
GEYLANG BAHRU,35 - 39 years,630
KALLANG BAHRU,35 - 39 years,-
KAMPONG BUGIS,35 - 39 years,70
KAMPONG JAVA,35 - 39 years,710
LAVENDER,35 - 39 years,670
TANJONG RHU,35 - 39 years,790
LIM CHU KANG,35 - 39 years,10
MANDAI EAST,35 - 39 years,-
MANDAI ESTATE,35 - 39 years,130
MANDAI WEST,35 - 39 years,-
MARINA EAST,35 - 39 years,-
MARINA SOUTH,35 - 39 years,-
EAST COAST,35 - 39 years,-
KATONG,35 - 39 years,670
MARINA EAST (MP),35 - 39 years,-
MARINE PARADE,35 - 39 years,1730
MOUNTBATTEN,35 - 39 years,680
BRAS BASAH,35 - 39 years,-
DHOBY GHAUT,35 - 39 years,60
FORT CANNING,35 - 39 years,10
CAIRNHILL,35 - 39 years,320
GOODWOOD PARK,35 - 39 years,100
ISTANA NEGARA,35 - 39 years,-
MONK'S HILL,35 - 39 years,80
NEWTON CIRCUS,35 - 39 years,20
ORANGE GROVE,35 - 39 years,100
NORTH-EASTERN ISLANDS,35 - 39 years,-
BALESTIER,35 - 39 years,2410
DUNEARN,35 - 39 years,190
MALCOLM,35 - 39 years,170
MOULMEIN,35 - 39 years,860
MOUNT PLEASANT,35 - 39 years,40
BOULEVARD,35 - 39 years,30
SOMERSET,35 - 39 years,10
TANGLIN,35 - 39 years,30
CHINA SQUARE,35 - 39 years,110
CHINATOWN,35 - 39 years,860
PEARL'S HILL,35 - 39 years,270
PEOPLE'S PARK,35 - 39 years,30
FLORA DRIVE,35 - 39 years,910
LOYANG EAST,35 - 39 years,100
LOYANG WEST,35 - 39 years,-
PASIR RIS CENTRAL,35 - 39 years,2510
PASIR RIS DRIVE,35 - 39 years,2650
PASIR RIS PARK,35 - 39 years,730
PASIR RIS WAFER FAB PARK,35 - 39 years,-
PASIR RIS WEST,35 - 39 years,2000
AIRPORT ROAD,35 - 39 years,-
PAYA LEBAR EAST,35 - 39 years,-
PAYA LEBAR NORTH,35 - 39 years,-
PAYA LEBAR WEST,35 - 39 years,-
PLAB,35 - 39 years,-
BENOI SECTOR,35 - 39 years,-
GUL BASIN,35 - 39 years,-
GUL CIRCLE,35 - 39 years,-
JOO KOON,35 - 39 years,-
PIONEER SECTOR,35 - 39 years,-
CONEY ISLAND,35 - 39 years,-
MATILDA,35 - 39 years,7490
NORTHSHORE,35 - 39 years,10
PUNGGOL CANAL,35 - 39 years,-
PUNGGOL FIELD,35 - 39 years,4020
PUNGGOL TOWN CENTRE,35 - 39 years,3430
WATERWAY EAST,35 - 39 years,7240
COMMONWEALTH,35 - 39 years,420
DOVER,35 - 39 years,690
GHIM MOH,35 - 39 years,1110
HOLLAND DRIVE,35 - 39 years,730
KENT RIDGE,35 - 39 years,-
MARGARET DRIVE,35 - 39 years,1990
MEI CHIN,35 - 39 years,870
NATIONAL UNIVERSITY OF S'PORE,35 - 39 years,10
ONE NORTH,35 - 39 years,100
PASIR PANJANG 1,35 - 39 years,340
PASIR PANJANG 2,35 - 39 years,180
PORT,35 - 39 years,10
QUEENSWAY,35 - 39 years,20
SINGAPORE POLYTECHNIC,35 - 39 years,-
TANGLIN HALT,35 - 39 years,720
INSTITUTION HILL,35 - 39 years,350
LEONIE HILL,35 - 39 years,240
ONE TREE HILL,35 - 39 years,140
OXLEY,35 - 39 years,110
PATERSON,35 - 39 years,30
BENCOOLEN,35 - 39 years,90
FARRER PARK,35 - 39 years,200
KAMPONG GLAM,35 - 39 years,10
LITTLE INDIA,35 - 39 years,180
MACKENZIE,35 - 39 years,20
MOUNT EMILY,35 - 39 years,230
ROCHOR CANAL,35 - 39 years,-
SELEGIE,35 - 39 years,20
SUNGEI ROAD,35 - 39 years,130
VICTORIA,35 - 39 years,110
PULAU PUNGGOL BARAT,35 - 39 years,-
PULAU PUNGGOL TIMOR,35 - 39 years,-
SELETAR,35 - 39 years,10
SELETAR AEROSPACE PARK,35 - 39 years,-
ADMIRALTY,35 - 39 years,1210
SEMBAWANG CENTRAL,35 - 39 years,2790
SEMBAWANG EAST,35 - 39 years,1460
SEMBAWANG NORTH,35 - 39 years,2140
SEMBAWANG SPRINGS,35 - 39 years,860
SEMBAWANG STRAITS,35 - 39 years,110
SENOKO NORTH,35 - 39 years,-
SENOKO SOUTH,35 - 39 years,-
THE WHARVES,35 - 39 years,-
ANCHORVALE,35 - 39 years,5240
COMPASSVALE,35 - 39 years,2760
FERNVALE,35 - 39 years,7280
LORONG HALUS NORTH,35 - 39 years,-
RIVERVALE,35 - 39 years,4300
SENGKANG TOWN CENTRE,35 - 39 years,5530
SENGKANG WEST,35 - 39 years,-
LORONG CHUAN,35 - 39 years,450
SELETAR HILLS,35 - 39 years,730
SERANGOON CENTRAL,35 - 39 years,1640
SERANGOON GARDEN,35 - 39 years,1950
SERANGOON NORTH,35 - 39 years,940
SERANGOON NORTH IND ESTATE,35 - 39 years,-
UPPER PAYA LEBAR,35 - 39 years,1210
PULAU SELETAR,35 - 39 years,-
SIMPANG NORTH,35 - 39 years,-
SIMPANG SOUTH,35 - 39 years,-
TANJONG IRAU,35 - 39 years,-
BOAT QUAY,35 - 39 years,10
CLARKE QUAY,35 - 39 years,10
ROBERTSON QUAY,35 - 39 years,330
SENTOSA,35 - 39 years,150
SOUTHERN GROUP,35 - 39 years,-
STRAITS VIEW,35 - 39 years,-
GALI BATU,35 - 39 years,-
KRANJI,35 - 39 years,-
PANG SUA,35 - 39 years,-
RESERVOIR VIEW,35 - 39 years,-
TURF CLUB,35 - 39 years,40
SIMEI,35 - 39 years,2650
TAMPINES EAST,35 - 39 years,8850
TAMPINES NORTH,35 - 39 years,730
TAMPINES WEST,35 - 39 years,5820
XILIN,35 - 39 years,70
CHATSWORTH,35 - 39 years,610
NASSIM,35 - 39 years,680
RIDOUT,35 - 39 years,100
TYERSALL,35 - 39 years,230
BRICKLAND,35 - 39 years,-
FOREST HILL,35 - 39 years,-
GARDEN,35 - 39 years,-
PARK,35 - 39 years,-
PLANTATION,35 - 39 years,-
TENGAH INDUSTRIAL ESTATE,35 - 39 years,-
BIDADARI,35 - 39 years,-
BOON TECK,35 - 39 years,860
BRADDELL,35 - 39 years,590
JOO SENG,35 - 39 years,650
KIM KEAT,35 - 39 years,440
LORONG 8 TOA PAYOH,35 - 39 years,370
PEI CHUN,35 - 39 years,560
POTONG PASIR,35 - 39 years,820
SENNETT,35 - 39 years,570
TOA PAYOH CENTRAL,35 - 39 years,2000
TOA PAYOH WEST,35 - 39 years,960
WOODLEIGH,35 - 39 years,190
TENGEH,35 - 39 years,-
TUAS BAY,35 - 39 years,-
TUAS NORTH,35 - 39 years,-
TUAS PROMENADE,35 - 39 years,-
TUAS VIEW,35 - 39 years,-
TUAS VIEW EXTENSION,35 - 39 years,-
JURONG ISLAND AND BUKOM,35 - 39 years,-
SEMAKAU,35 - 39 years,-
SUDONG,35 - 39 years,-
BAHAR,35 - 39 years,-
CLEANTECH,35 - 39 years,-
MURAI,35 - 39 years,60
GREENWOOD PARK,35 - 39 years,-
MIDVIEW,35 - 39 years,2290
NORTH COAST,35 - 39 years,640
SENOKO WEST,35 - 39 years,-
WOODGROVE,35 - 39 years,1930
WOODLANDS EAST,35 - 39 years,7270
WOODLANDS REGIONAL CENTRE,35 - 39 years,-
WOODLANDS SOUTH,35 - 39 years,3420
WOODLANDS WEST,35 - 39 years,2170
KHATIB,35 - 39 years,640
LOWER SELETAR,35 - 39 years,2220
NEE SOON,35 - 39 years,40
NORTHLAND,35 - 39 years,1790
SPRINGLEAF,35 - 39 years,180
YISHUN CENTRAL,35 - 39 years,210
YISHUN EAST,35 - 39 years,6320
YISHUN SOUTH,35 - 39 years,2940
YISHUN WEST,35 - 39 years,3600
ANG MO KIO TOWN CENTRE,40 - 44 years,400
CHENG SAN,40 - 44 years,2070
CHONG BOON,40 - 44 years,1800
KEBUN BAHRU,40 - 44 years,1620
SEMBAWANG HILLS,40 - 44 years,370
SHANGRI-LA,40 - 44 years,1010
TAGORE,40 - 44 years,440
TOWNSVILLE,40 - 44 years,1650
YIO CHU KANG,40 - 44 years,-
YIO CHU KANG EAST,40 - 44 years,260
YIO CHU KANG NORTH,40 - 44 years,-
YIO CHU KANG WEST,40 - 44 years,1720
BAYSHORE,40 - 44 years,770
BEDOK NORTH,40 - 44 years,5670
BEDOK RESERVOIR,40 - 44 years,2090
BEDOK SOUTH,40 - 44 years,3050
FRANKEL,40 - 44 years,2950
KAKI BUKIT,40 - 44 years,2260
KEMBANGAN,40 - 44 years,2290
SIGLAP,40 - 44 years,430
BISHAN EAST,40 - 44 years,1890
MARYMOUNT,40 - 44 years,1950
UPPER THOMSON,40 - 44 years,1910
LIU FANG,40 - 44 years,-
SAMULUN,40 - 44 years,-
SHIPYARD,40 - 44 years,-
TUKANG,40 - 44 years,-
BRICKWORKS,40 - 44 years,1460
BUKIT BATOK CENTRAL,40 - 44 years,1860
BUKIT BATOK EAST,40 - 44 years,800
BUKIT BATOK SOUTH,40 - 44 years,930
BUKIT BATOK WEST,40 - 44 years,1010
GOMBAK,40 - 44 years,840
GUILIN,40 - 44 years,940
HILLVIEW,40 - 44 years,1200
HONG KAH NORTH,40 - 44 years,1630
ALEXANDRA HILL,40 - 44 years,750
ALEXANDRA NORTH,40 - 44 years,330
BUKIT HO SWEE,40 - 44 years,960
BUKIT MERAH,40 - 44 years,70
CITY TERMINALS,40 - 44 years,-
DEPOT ROAD,40 - 44 years,670
EVERTON PARK,40 - 44 years,590
HENDERSON HILL,40 - 44 years,780
KAMPONG TIONG BAHRU,40 - 44 years,540
MARITIME SQUARE,40 - 44 years,430
REDHILL,40 - 44 years,1080
SINGAPORE GENERAL HOSPITAL,40 - 44 years,-
TELOK BLANGAH DRIVE,40 - 44 years,1550
TELOK BLANGAH RISE,40 - 44 years,840
TELOK BLANGAH WAY,40 - 44 years,690
TIONG BAHRU,40 - 44 years,1250
TIONG BAHRU STATION,40 - 44 years,1230
BANGKIT,40 - 44 years,1340
DAIRY FARM,40 - 44 years,560
FAJAR,40 - 44 years,1970
JELEBU,40 - 44 years,1840
NATURE RESERVE,40 - 44 years,260
SAUJANA,40 - 44 years,1840
SENJA,40 - 44 years,1570
ANAK BUKIT,40 - 44 years,1370
CORONATION ROAD,40 - 44 years,540
FARRER COURT,40 - 44 years,530
HILLCREST,40 - 44 years,760
HOLLAND ROAD,40 - 44 years,900
LEEDON PARK,40 - 44 years,500
SWISS CLUB,40 - 44 years,400
ULU PANDAN,40 - 44 years,800
CENTRAL WATER CATCHMENT,40 - 44 years,-
CHANGI AIRPORT,40 - 44 years,-
CHANGI POINT,40 - 44 years,30
CHANGI WEST,40 - 44 years,140
CHANGI BAY,40 - 44 years,-
CHOA CHU KANG CENTRAL,40 - 44 years,1650
CHOA CHU KANG NORTH,40 - 44 years,1640
KEAT HONG,40 - 44 years,2650
PENG SIANG,40 - 44 years,2300
TECK WHYE,40 - 44 years,1260
YEW TEE,40 - 44 years,3140
CLEMENTI CENTRAL,40 - 44 years,1050
CLEMENTI NORTH,40 - 44 years,2210
CLEMENTI WEST,40 - 44 years,1230
CLEMENTI WOODS,40 - 44 years,1190
FABER,40 - 44 years,540
PANDAN,40 - 44 years,-
SUNSET WAY,40 - 44 years,370
TOH TUCK,40 - 44 years,-
WEST COAST,40 - 44 years,660
ANSON,40 - 44 years,-
BAYFRONT SUBZONE,40 - 44 years,-
BUGIS,40 - 44 years,70
CECIL,40 - 44 years,30
CENTRAL SUBZONE,40 - 44 years,110
CITY HALL,40 - 44 years,-
CLIFFORD PIER,40 - 44 years,-
MARINA CENTRE,40 - 44 years,-
MAXWELL,40 - 44 years,-
NICOLL,40 - 44 years,30
PHILLIP,40 - 44 years,-
RAFFLES PLACE,40 - 44 years,-
TANJONG PAGAR,40 - 44 years,80
ALJUNIED,40 - 44 years,2980
GEYLANG EAST,40 - 44 years,2350
KALLANG WAY,40 - 44 years,-
KAMPONG UBI,40 - 44 years,800
MACPHERSON,40 - 44 years,1710
DEFU INDUSTRIAL PARK,40 - 44 years,-
HOUGANG CENTRAL,40 - 44 years,240
HOUGANG EAST,40 - 44 years,1710
HOUGANG WEST,40 - 44 years,2580
KANGKAR,40 - 44 years,2480
KOVAN,40 - 44 years,1700
LORONG AH SOO,40 - 44 years,2180
LORONG HALUS,40 - 44 years,-
TAI SENG,40 - 44 years,850
TRAFALGAR,40 - 44 years,3340
INTERNATIONAL BUSINESS PARK,40 - 44 years,-
JURONG GATEWAY,40 - 44 years,50
JURONG PORT,40 - 44 years,-
JURONG RIVER,40 - 44 years,-
LAKESIDE (BUSINESS),40 - 44 years,-
LAKESIDE (LEISURE),40 - 44 years,60
PENJURU CRESCENT,40 - 44 years,-
TEBAN GARDENS,40 - 44 years,1340
TOH GUAN,40 - 44 years,890
YUHUA EAST,40 - 44 years,1690
YUHUA WEST,40 - 44 years,1200
BOON LAY PLACE,40 - 44 years,2140
CHIN BEE,40 - 44 years,-
HONG KAH,40 - 44 years,3840
JURONG WEST CENTRAL,40 - 44 years,6140
KIAN TECK,40 - 44 years,-
SAFTI,40 - 44 years,-
TAMAN JURONG,40 - 44 years,3040
WENYA,40 - 44 years,900
YUNNAN,40 - 44 years,4810
BENDEMEER,40 - 44 years,3070
BOON KENG,40 - 44 years,810
CRAWFORD,40 - 44 years,460
GEYLANG BAHRU,40 - 44 years,780
KALLANG BAHRU,40 - 44 years,-
KAMPONG BUGIS,40 - 44 years,60
KAMPONG JAVA,40 - 44 years,830
LAVENDER,40 - 44 years,770
TANJONG RHU,40 - 44 years,1050
LIM CHU KANG,40 - 44 years,-
MANDAI EAST,40 - 44 years,-
MANDAI ESTATE,40 - 44 years,140
MANDAI WEST,40 - 44 years,-
MARINA EAST,40 - 44 years,-
MARINA SOUTH,40 - 44 years,-
EAST COAST,40 - 44 years,-
KATONG,40 - 44 years,830
MARINA EAST (MP),40 - 44 years,-
MARINE PARADE,40 - 44 years,2100
MOUNTBATTEN,40 - 44 years,800
BRAS BASAH,40 - 44 years,-
DHOBY GHAUT,40 - 44 years,50
FORT CANNING,40 - 44 years,20
CAIRNHILL,40 - 44 years,360
GOODWOOD PARK,40 - 44 years,130
ISTANA NEGARA,40 - 44 years,-
MONK'S HILL,40 - 44 years,100
NEWTON CIRCUS,40 - 44 years,30
ORANGE GROVE,40 - 44 years,150
NORTH-EASTERN ISLANDS,40 - 44 years,-
BALESTIER,40 - 44 years,2510
DUNEARN,40 - 44 years,260
MALCOLM,40 - 44 years,250
MOULMEIN,40 - 44 years,1130
MOUNT PLEASANT,40 - 44 years,20
BOULEVARD,40 - 44 years,30
SOMERSET,40 - 44 years,10
TANGLIN,40 - 44 years,40
CHINA SQUARE,40 - 44 years,90
CHINATOWN,40 - 44 years,1140
PEARL'S HILL,40 - 44 years,250
PEOPLE'S PARK,40 - 44 years,20
FLORA DRIVE,40 - 44 years,1260
LOYANG EAST,40 - 44 years,130
LOYANG WEST,40 - 44 years,-
PASIR RIS CENTRAL,40 - 44 years,2270
PASIR RIS DRIVE,40 - 44 years,2880
PASIR RIS PARK,40 - 44 years,910
PASIR RIS WAFER FAB PARK,40 - 44 years,-
PASIR RIS WEST,40 - 44 years,2350
AIRPORT ROAD,40 - 44 years,-
PAYA LEBAR EAST,40 - 44 years,-
PAYA LEBAR NORTH,40 - 44 years,-
PAYA LEBAR WEST,40 - 44 years,-
PLAB,40 - 44 years,-
BENOI SECTOR,40 - 44 years,-
GUL BASIN,40 - 44 years,-
GUL CIRCLE,40 - 44 years,-
JOO KOON,40 - 44 years,-
PIONEER SECTOR,40 - 44 years,-
CONEY ISLAND,40 - 44 years,-
MATILDA,40 - 44 years,5120
NORTHSHORE,40 - 44 years,30
PUNGGOL CANAL,40 - 44 years,-
PUNGGOL FIELD,40 - 44 years,5100
PUNGGOL TOWN CENTRE,40 - 44 years,2130
WATERWAY EAST,40 - 44 years,5040
COMMONWEALTH,40 - 44 years,460
DOVER,40 - 44 years,890
GHIM MOH,40 - 44 years,910
HOLLAND DRIVE,40 - 44 years,910
KENT RIDGE,40 - 44 years,-
MARGARET DRIVE,40 - 44 years,1570
MEI CHIN,40 - 44 years,980
NATIONAL UNIVERSITY OF S'PORE,40 - 44 years,10
ONE NORTH,40 - 44 years,80
PASIR PANJANG 1,40 - 44 years,410
PASIR PANJANG 2,40 - 44 years,210
PORT,40 - 44 years,10
QUEENSWAY,40 - 44 years,20
SINGAPORE POLYTECHNIC,40 - 44 years,-
TANGLIN HALT,40 - 44 years,850
INSTITUTION HILL,40 - 44 years,420
LEONIE HILL,40 - 44 years,300
ONE TREE HILL,40 - 44 years,150
OXLEY,40 - 44 years,140
PATERSON,40 - 44 years,30
BENCOOLEN,40 - 44 years,100
FARRER PARK,40 - 44 years,230
KAMPONG GLAM,40 - 44 years,10
LITTLE INDIA,40 - 44 years,230
MACKENZIE,40 - 44 years,20
MOUNT EMILY,40 - 44 years,220
ROCHOR CANAL,40 - 44 years,-
SELEGIE,40 - 44 years,30
SUNGEI ROAD,40 - 44 years,110
VICTORIA,40 - 44 years,120
PULAU PUNGGOL BARAT,40 - 44 years,-
PULAU PUNGGOL TIMOR,40 - 44 years,-
SELETAR,40 - 44 years,20
SELETAR AEROSPACE PARK,40 - 44 years,-
ADMIRALTY,40 - 44 years,1220
SEMBAWANG CENTRAL,40 - 44 years,2840
SEMBAWANG EAST,40 - 44 years,1290
SEMBAWANG NORTH,40 - 44 years,2260
SEMBAWANG SPRINGS,40 - 44 years,870
SEMBAWANG STRAITS,40 - 44 years,140
SENOKO NORTH,40 - 44 years,-
SENOKO SOUTH,40 - 44 years,-
THE WHARVES,40 - 44 years,-
ANCHORVALE,40 - 44 years,4520
COMPASSVALE,40 - 44 years,2590
FERNVALE,40 - 44 years,6060
LORONG HALUS NORTH,40 - 44 years,-
RIVERVALE,40 - 44 years,4520
SENGKANG TOWN CENTRE,40 - 44 years,4910
SENGKANG WEST,40 - 44 years,-
LORONG CHUAN,40 - 44 years,530
SELETAR HILLS,40 - 44 years,870
SERANGOON CENTRAL,40 - 44 years,1440
SERANGOON GARDEN,40 - 44 years,2190
SERANGOON NORTH,40 - 44 years,1000
SERANGOON NORTH IND ESTATE,40 - 44 years,-
UPPER PAYA LEBAR,40 - 44 years,1210
PULAU SELETAR,40 - 44 years,-
SIMPANG NORTH,40 - 44 years,-
SIMPANG SOUTH,40 - 44 years,-
TANJONG IRAU,40 - 44 years,-
BOAT QUAY,40 - 44 years,10
CLARKE QUAY,40 - 44 years,10
ROBERTSON QUAY,40 - 44 years,390
SENTOSA,40 - 44 years,170
SOUTHERN GROUP,40 - 44 years,-
STRAITS VIEW,40 - 44 years,-
GALI BATU,40 - 44 years,-
KRANJI,40 - 44 years,-
PANG SUA,40 - 44 years,-
RESERVOIR VIEW,40 - 44 years,-
TURF CLUB,40 - 44 years,40
SIMEI,40 - 44 years,2850
TAMPINES EAST,40 - 44 years,8150
TAMPINES NORTH,40 - 44 years,440
TAMPINES WEST,40 - 44 years,5360
XILIN,40 - 44 years,80
CHATSWORTH,40 - 44 years,720
NASSIM,40 - 44 years,860
RIDOUT,40 - 44 years,120
TYERSALL,40 - 44 years,300
BRICKLAND,40 - 44 years,-
FOREST HILL,40 - 44 years,-
GARDEN,40 - 44 years,-
PARK,40 - 44 years,-
PLANTATION,40 - 44 years,-
TENGAH INDUSTRIAL ESTATE,40 - 44 years,-
BIDADARI,40 - 44 years,-
BOON TECK,40 - 44 years,780
BRADDELL,40 - 44 years,670
JOO SENG,40 - 44 years,640
KIM KEAT,40 - 44 years,510
LORONG 8 TOA PAYOH,40 - 44 years,430
PEI CHUN,40 - 44 years,700
POTONG PASIR,40 - 44 years,870
SENNETT,40 - 44 years,500
TOA PAYOH CENTRAL,40 - 44 years,2330
TOA PAYOH WEST,40 - 44 years,950
WOODLEIGH,40 - 44 years,190
TENGEH,40 - 44 years,-
TUAS BAY,40 - 44 years,-
TUAS NORTH,40 - 44 years,-
TUAS PROMENADE,40 - 44 years,-
TUAS VIEW,40 - 44 years,-
TUAS VIEW EXTENSION,40 - 44 years,-
JURONG ISLAND AND BUKOM,40 - 44 years,-
SEMAKAU,40 - 44 years,-
SUDONG,40 - 44 years,-
BAHAR,40 - 44 years,-
CLEANTECH,40 - 44 years,-
MURAI,40 - 44 years,70
GREENWOOD PARK,40 - 44 years,-
MIDVIEW,40 - 44 years,2100
NORTH COAST,40 - 44 years,700
SENOKO WEST,40 - 44 years,-
WOODGROVE,40 - 44 years,2170
WOODLANDS EAST,40 - 44 years,7460
WOODLANDS REGIONAL CENTRE,40 - 44 years,-
WOODLANDS SOUTH,40 - 44 years,3540
WOODLANDS WEST,40 - 44 years,1930
KHATIB,40 - 44 years,590
LOWER SELETAR,40 - 44 years,1490
NEE SOON,40 - 44 years,60
NORTHLAND,40 - 44 years,1920
SPRINGLEAF,40 - 44 years,260
YISHUN CENTRAL,40 - 44 years,230
YISHUN EAST,40 - 44 years,5050
YISHUN SOUTH,40 - 44 years,2810
YISHUN WEST,40 - 44 years,3810
ANG MO KIO TOWN CENTRE,45 - 49 years,470
CHENG SAN,45 - 49 years,2200
CHONG BOON,45 - 49 years,1820
KEBUN BAHRU,45 - 49 years,1790
SEMBAWANG HILLS,45 - 49 years,550
SHANGRI-LA,45 - 49 years,1210
TAGORE,45 - 49 years,580
TOWNSVILLE,45 - 49 years,1560
YIO CHU KANG,45 - 49 years,-
YIO CHU KANG EAST,45 - 49 years,320
YIO CHU KANG NORTH,45 - 49 years,-
YIO CHU KANG WEST,45 - 49 years,1910
BAYSHORE,45 - 49 years,860
BEDOK NORTH,45 - 49 years,5960
BEDOK RESERVOIR,45 - 49 years,2110
BEDOK SOUTH,45 - 49 years,3490
FRANKEL,45 - 49 years,3180
KAKI BUKIT,45 - 49 years,2460
KEMBANGAN,45 - 49 years,2520
SIGLAP,45 - 49 years,520
BISHAN EAST,45 - 49 years,2160
MARYMOUNT,45 - 49 years,2240
UPPER THOMSON,45 - 49 years,2330
LIU FANG,45 - 49 years,-
SAMULUN,45 - 49 years,-
SHIPYARD,45 - 49 years,-
TUKANG,45 - 49 years,-
BRICKWORKS,45 - 49 years,1280
BUKIT BATOK CENTRAL,45 - 49 years,1940
BUKIT BATOK EAST,45 - 49 years,970
BUKIT BATOK SOUTH,45 - 49 years,1010
BUKIT BATOK WEST,45 - 49 years,1050
GOMBAK,45 - 49 years,800
GUILIN,45 - 49 years,1100
HILLVIEW,45 - 49 years,1640
HONG KAH NORTH,45 - 49 years,1900
ALEXANDRA HILL,45 - 49 years,950
ALEXANDRA NORTH,45 - 49 years,300
BUKIT HO SWEE,45 - 49 years,1010
BUKIT MERAH,45 - 49 years,80
CITY TERMINALS,45 - 49 years,-
DEPOT ROAD,45 - 49 years,620
EVERTON PARK,45 - 49 years,680
HENDERSON HILL,45 - 49 years,890
KAMPONG TIONG BAHRU,45 - 49 years,650
MARITIME SQUARE,45 - 49 years,400
REDHILL,45 - 49 years,900
SINGAPORE GENERAL HOSPITAL,45 - 49 years,-
TELOK BLANGAH DRIVE,45 - 49 years,1390
TELOK BLANGAH RISE,45 - 49 years,920
TELOK BLANGAH WAY,45 - 49 years,770
TIONG BAHRU,45 - 49 years,1020
TIONG BAHRU STATION,45 - 49 years,1250
BANGKIT,45 - 49 years,1540
DAIRY FARM,45 - 49 years,640
FAJAR,45 - 49 years,1980
JELEBU,45 - 49 years,2380
NATURE RESERVE,45 - 49 years,370
SAUJANA,45 - 49 years,1870
SENJA,45 - 49 years,1730
ANAK BUKIT,45 - 49 years,1640
CORONATION ROAD,45 - 49 years,610
FARRER COURT,45 - 49 years,630
HILLCREST,45 - 49 years,850
HOLLAND ROAD,45 - 49 years,1080
LEEDON PARK,45 - 49 years,570
SWISS CLUB,45 - 49 years,430
ULU PANDAN,45 - 49 years,930
CENTRAL WATER CATCHMENT,45 - 49 years,-
CHANGI AIRPORT,45 - 49 years,-
CHANGI POINT,45 - 49 years,50
CHANGI WEST,45 - 49 years,120
CHANGI BAY,45 - 49 years,-
CHOA CHU KANG CENTRAL,45 - 49 years,1810
CHOA CHU KANG NORTH,45 - 49 years,2280
KEAT HONG,45 - 49 years,2430
PENG SIANG,45 - 49 years,2430
TECK WHYE,45 - 49 years,1640
YEW TEE,45 - 49 years,3560
CLEMENTI CENTRAL,45 - 49 years,1170
CLEMENTI NORTH,45 - 49 years,2160
CLEMENTI WEST,45 - 49 years,1270
CLEMENTI WOODS,45 - 49 years,1200
FABER,45 - 49 years,500
PANDAN,45 - 49 years,-
SUNSET WAY,45 - 49 years,400
TOH TUCK,45 - 49 years,-
WEST COAST,45 - 49 years,720
ANSON,45 - 49 years,-
BAYFRONT SUBZONE,45 - 49 years,-
BUGIS,45 - 49 years,70
CECIL,45 - 49 years,20
CENTRAL SUBZONE,45 - 49 years,130
CITY HALL,45 - 49 years,-
CLIFFORD PIER,45 - 49 years,-
MARINA CENTRE,45 - 49 years,-
MAXWELL,45 - 49 years,-
NICOLL,45 - 49 years,20
PHILLIP,45 - 49 years,-
RAFFLES PLACE,45 - 49 years,-
TANJONG PAGAR,45 - 49 years,70
ALJUNIED,45 - 49 years,3260
GEYLANG EAST,45 - 49 years,2320
KALLANG WAY,45 - 49 years,-
KAMPONG UBI,45 - 49 years,750
MACPHERSON,45 - 49 years,1860
DEFU INDUSTRIAL PARK,45 - 49 years,-
HOUGANG CENTRAL,45 - 49 years,320
HOUGANG EAST,45 - 49 years,1640
HOUGANG WEST,45 - 49 years,2960
KANGKAR,45 - 49 years,2520
KOVAN,45 - 49 years,1960
LORONG AH SOO,45 - 49 years,2490
LORONG HALUS,45 - 49 years,-
TAI SENG,45 - 49 years,950
TRAFALGAR,45 - 49 years,3670
INTERNATIONAL BUSINESS PARK,45 - 49 years,-
JURONG GATEWAY,45 - 49 years,60
JURONG PORT,45 - 49 years,-
JURONG RIVER,45 - 49 years,-
LAKESIDE (BUSINESS),45 - 49 years,-
LAKESIDE (LEISURE),45 - 49 years,70
PENJURU CRESCENT,45 - 49 years,-
TEBAN GARDENS,45 - 49 years,1340
TOH GUAN,45 - 49 years,1120
YUHUA EAST,45 - 49 years,1810
YUHUA WEST,45 - 49 years,1460
BOON LAY PLACE,45 - 49 years,2240
CHIN BEE,45 - 49 years,-
HONG KAH,45 - 49 years,4190
JURONG WEST CENTRAL,45 - 49 years,5760
KIAN TECK,45 - 49 years,-
SAFTI,45 - 49 years,-
TAMAN JURONG,45 - 49 years,3160
WENYA,45 - 49 years,740
YUNNAN,45 - 49 years,5130
BENDEMEER,45 - 49 years,2740
BOON KENG,45 - 49 years,850
CRAWFORD,45 - 49 years,550
GEYLANG BAHRU,45 - 49 years,940
KALLANG BAHRU,45 - 49 years,-
KAMPONG BUGIS,45 - 49 years,70
KAMPONG JAVA,45 - 49 years,920
LAVENDER,45 - 49 years,870
TANJONG RHU,45 - 49 years,1200
LIM CHU KANG,45 - 49 years,10
MANDAI EAST,45 - 49 years,-
MANDAI ESTATE,45 - 49 years,190
MANDAI WEST,45 - 49 years,-
MARINA EAST,45 - 49 years,-
MARINA SOUTH,45 - 49 years,-
EAST COAST,45 - 49 years,-
KATONG,45 - 49 years,880
MARINA EAST (MP),45 - 49 years,-
MARINE PARADE,45 - 49 years,2360
MOUNTBATTEN,45 - 49 years,910
BRAS BASAH,45 - 49 years,-
DHOBY GHAUT,45 - 49 years,30
FORT CANNING,45 - 49 years,30
CAIRNHILL,45 - 49 years,390
GOODWOOD PARK,45 - 49 years,130
ISTANA NEGARA,45 - 49 years,-
MONK'S HILL,45 - 49 years,110
NEWTON CIRCUS,45 - 49 years,30
ORANGE GROVE,45 - 49 years,180
NORTH-EASTERN ISLANDS,45 - 49 years,-
BALESTIER,45 - 49 years,2730
DUNEARN,45 - 49 years,330
MALCOLM,45 - 49 years,270
MOULMEIN,45 - 49 years,960
MOUNT PLEASANT,45 - 49 years,40
BOULEVARD,45 - 49 years,40
SOMERSET,45 - 49 years,10
TANGLIN,45 - 49 years,40
CHINA SQUARE,45 - 49 years,120
CHINATOWN,45 - 49 years,880
PEARL'S HILL,45 - 49 years,400
PEOPLE'S PARK,45 - 49 years,30
FLORA DRIVE,45 - 49 years,1360
LOYANG EAST,45 - 49 years,170
LOYANG WEST,45 - 49 years,-
PASIR RIS CENTRAL,45 - 49 years,2280
PASIR RIS DRIVE,45 - 49 years,3460
PASIR RIS PARK,45 - 49 years,790
PASIR RIS WAFER FAB PARK,45 - 49 years,-
PASIR RIS WEST,45 - 49 years,2800
AIRPORT ROAD,45 - 49 years,-
PAYA LEBAR EAST,45 - 49 years,-
PAYA LEBAR NORTH,45 - 49 years,-
PAYA LEBAR WEST,45 - 49 years,-
PLAB,45 - 49 years,-
BENOI SECTOR,45 - 49 years,-
GUL BASIN,45 - 49 years,-
GUL CIRCLE,45 - 49 years,-
JOO KOON,45 - 49 years,-
PIONEER SECTOR,45 - 49 years,-
CONEY ISLAND,45 - 49 years,-
MATILDA,45 - 49 years,3820
NORTHSHORE,45 - 49 years,40
PUNGGOL CANAL,45 - 49 years,-
PUNGGOL FIELD,45 - 49 years,5150
PUNGGOL TOWN CENTRE,45 - 49 years,1440
WATERWAY EAST,45 - 49 years,3590
COMMONWEALTH,45 - 49 years,570
DOVER,45 - 49 years,950
GHIM MOH,45 - 49 years,890
HOLLAND DRIVE,45 - 49 years,1070
KENT RIDGE,45 - 49 years,-
MARGARET DRIVE,45 - 49 years,1130
MEI CHIN,45 - 49 years,1190
NATIONAL UNIVERSITY OF S'PORE,45 - 49 years,20
ONE NORTH,45 - 49 years,100
PASIR PANJANG 1,45 - 49 years,410
PASIR PANJANG 2,45 - 49 years,210
PORT,45 - 49 years,-
QUEENSWAY,45 - 49 years,30
SINGAPORE POLYTECHNIC,45 - 49 years,-
TANGLIN HALT,45 - 49 years,850
INSTITUTION HILL,45 - 49 years,350
LEONIE HILL,45 - 49 years,390
ONE TREE HILL,45 - 49 years,190
OXLEY,45 - 49 years,130
PATERSON,45 - 49 years,30
BENCOOLEN,45 - 49 years,110
FARRER PARK,45 - 49 years,240
KAMPONG GLAM,45 - 49 years,10
LITTLE INDIA,45 - 49 years,260
MACKENZIE,45 - 49 years,10
MOUNT EMILY,45 - 49 years,200
ROCHOR CANAL,45 - 49 years,-
SELEGIE,45 - 49 years,10
SUNGEI ROAD,45 - 49 years,140
VICTORIA,45 - 49 years,120
PULAU PUNGGOL BARAT,45 - 49 years,-
PULAU PUNGGOL TIMOR,45 - 49 years,-
SELETAR,45 - 49 years,40
SELETAR AEROSPACE PARK,45 - 49 years,-
ADMIRALTY,45 - 49 years,1300
SEMBAWANG CENTRAL,45 - 49 years,3100
SEMBAWANG EAST,45 - 49 years,1190
SEMBAWANG NORTH,45 - 49 years,2390
SEMBAWANG SPRINGS,45 - 49 years,810
SEMBAWANG STRAITS,45 - 49 years,160
SENOKO NORTH,45 - 49 years,-
SENOKO SOUTH,45 - 49 years,-
THE WHARVES,45 - 49 years,-
ANCHORVALE,45 - 49 years,4160
COMPASSVALE,45 - 49 years,1640
FERNVALE,45 - 49 years,4590
LORONG HALUS NORTH,45 - 49 years,-
RIVERVALE,45 - 49 years,5200
SENGKANG TOWN CENTRE,45 - 49 years,4800
SENGKANG WEST,45 - 49 years,-
LORONG CHUAN,45 - 49 years,660
SELETAR HILLS,45 - 49 years,1100
SERANGOON CENTRAL,45 - 49 years,1730
SERANGOON GARDEN,45 - 49 years,2510
SERANGOON NORTH,45 - 49 years,1060
SERANGOON NORTH IND ESTATE,45 - 49 years,-
UPPER PAYA LEBAR,45 - 49 years,1160
PULAU SELETAR,45 - 49 years,-
SIMPANG NORTH,45 - 49 years,-
SIMPANG SOUTH,45 - 49 years,-
TANJONG IRAU,45 - 49 years,-
BOAT QUAY,45 - 49 years,10
CLARKE QUAY,45 - 49 years,20
ROBERTSON QUAY,45 - 49 years,360
SENTOSA,45 - 49 years,230
SOUTHERN GROUP,45 - 49 years,-
STRAITS VIEW,45 - 49 years,-
GALI BATU,45 - 49 years,-
KRANJI,45 - 49 years,-
PANG SUA,45 - 49 years,-
RESERVOIR VIEW,45 - 49 years,-
TURF CLUB,45 - 49 years,50
SIMEI,45 - 49 years,2990
TAMPINES EAST,45 - 49 years,8350
TAMPINES NORTH,45 - 49 years,290
TAMPINES WEST,45 - 49 years,5320
XILIN,45 - 49 years,110
CHATSWORTH,45 - 49 years,780
NASSIM,45 - 49 years,940
RIDOUT,45 - 49 years,120
TYERSALL,45 - 49 years,360
BRICKLAND,45 - 49 years,-
FOREST HILL,45 - 49 years,-
GARDEN,45 - 49 years,-
PARK,45 - 49 years,-
PLANTATION,45 - 49 years,-
TENGAH INDUSTRIAL ESTATE,45 - 49 years,-
BIDADARI,45 - 49 years,-
BOON TECK,45 - 49 years,1010
BRADDELL,45 - 49 years,730
JOO SENG,45 - 49 years,660
KIM KEAT,45 - 49 years,580
LORONG 8 TOA PAYOH,45 - 49 years,530
PEI CHUN,45 - 49 years,850
POTONG PASIR,45 - 49 years,940
SENNETT,45 - 49 years,530
TOA PAYOH CENTRAL,45 - 49 years,2350
TOA PAYOH WEST,45 - 49 years,1090
WOODLEIGH,45 - 49 years,220
TENGEH,45 - 49 years,-
TUAS BAY,45 - 49 years,-
TUAS NORTH,45 - 49 years,-
TUAS PROMENADE,45 - 49 years,-
TUAS VIEW,45 - 49 years,-
TUAS VIEW EXTENSION,45 - 49 years,-
JURONG ISLAND AND BUKOM,45 - 49 years,-
SEMAKAU,45 - 49 years,-
SUDONG,45 - 49 years,-
BAHAR,45 - 49 years,-
CLEANTECH,45 - 49 years,-
MURAI,45 - 49 years,40
GREENWOOD PARK,45 - 49 years,-
MIDVIEW,45 - 49 years,2520
NORTH COAST,45 - 49 years,850
SENOKO WEST,45 - 49 years,-
WOODGROVE,45 - 49 years,2610
WOODLANDS EAST,45 - 49 years,8490
WOODLANDS REGIONAL CENTRE,45 - 49 years,-
WOODLANDS SOUTH,45 - 49 years,3590
WOODLANDS WEST,45 - 49 years,2250
KHATIB,45 - 49 years,650
LOWER SELETAR,45 - 49 years,1260
NEE SOON,45 - 49 years,90
NORTHLAND,45 - 49 years,1940
SPRINGLEAF,45 - 49 years,310
YISHUN CENTRAL,45 - 49 years,220
YISHUN EAST,45 - 49 years,4090
YISHUN SOUTH,45 - 49 years,3010
YISHUN WEST,45 - 49 years,4230
ANG MO KIO TOWN CENTRE,50 - 54 years,370
CHENG SAN,50 - 54 years,2050
CHONG BOON,50 - 54 years,1900
KEBUN BAHRU,50 - 54 years,1710
SEMBAWANG HILLS,50 - 54 years,540
SHANGRI-LA,50 - 54 years,1200
TAGORE,50 - 54 years,580
TOWNSVILLE,50 - 54 years,1360
YIO CHU KANG,50 - 54 years,-
YIO CHU KANG EAST,50 - 54 years,290
YIO CHU KANG NORTH,50 - 54 years,-
YIO CHU KANG WEST,50 - 54 years,1850
BAYSHORE,50 - 54 years,650
BEDOK NORTH,50 - 54 years,6030
BEDOK RESERVOIR,50 - 54 years,1920
BEDOK SOUTH,50 - 54 years,3430
FRANKEL,50 - 54 years,2510
KAKI BUKIT,50 - 54 years,2450
KEMBANGAN,50 - 54 years,2620
SIGLAP,50 - 54 years,450
BISHAN EAST,50 - 54 years,1880
MARYMOUNT,50 - 54 years,2190
UPPER THOMSON,50 - 54 years,2230
LIU FANG,50 - 54 years,-
SAMULUN,50 - 54 years,-
SHIPYARD,50 - 54 years,-
TUKANG,50 - 54 years,-
BRICKWORKS,50 - 54 years,990
BUKIT BATOK CENTRAL,50 - 54 years,1960
BUKIT BATOK EAST,50 - 54 years,930
BUKIT BATOK SOUTH,50 - 54 years,1180
BUKIT BATOK WEST,50 - 54 years,1100
GOMBAK,50 - 54 years,750
GUILIN,50 - 54 years,1110
HILLVIEW,50 - 54 years,1840
HONG KAH NORTH,50 - 54 years,2040
ALEXANDRA HILL,50 - 54 years,960
ALEXANDRA NORTH,50 - 54 years,180
BUKIT HO SWEE,50 - 54 years,970
BUKIT MERAH,50 - 54 years,90
CITY TERMINALS,50 - 54 years,-
DEPOT ROAD,50 - 54 years,440
EVERTON PARK,50 - 54 years,570
HENDERSON HILL,50 - 54 years,1010
KAMPONG TIONG BAHRU,50 - 54 years,690
MARITIME SQUARE,50 - 54 years,310
REDHILL,50 - 54 years,790
SINGAPORE GENERAL HOSPITAL,50 - 54 years,-
TELOK BLANGAH DRIVE,50 - 54 years,1180
TELOK BLANGAH RISE,50 - 54 years,850
TELOK BLANGAH WAY,50 - 54 years,680
TIONG BAHRU,50 - 54 years,800
TIONG BAHRU STATION,50 - 54 years,1110
BANGKIT,50 - 54 years,1730
DAIRY FARM,50 - 54 years,560
FAJAR,50 - 54 years,1850
JELEBU,50 - 54 years,2600
NATURE RESERVE,50 - 54 years,350
SAUJANA,50 - 54 years,1710
SENJA,50 - 54 years,1320
ANAK BUKIT,50 - 54 years,1600
CORONATION ROAD,50 - 54 years,480
FARRER COURT,50 - 54 years,490
HILLCREST,50 - 54 years,740
HOLLAND ROAD,50 - 54 years,920
LEEDON PARK,50 - 54 years,580
SWISS CLUB,50 - 54 years,420
ULU PANDAN,50 - 54 years,820
CENTRAL WATER CATCHMENT,50 - 54 years,-
CHANGI AIRPORT,50 - 54 years,-
CHANGI POINT,50 - 54 years,60
CHANGI WEST,50 - 54 years,80
CHANGI BAY,50 - 54 years,-
CHOA CHU KANG CENTRAL,50 - 54 years,1970
CHOA CHU KANG NORTH,50 - 54 years,3400
KEAT HONG,50 - 54 years,2430
PENG SIANG,50 - 54 years,2670
TECK WHYE,50 - 54 years,1910
YEW TEE,50 - 54 years,3700
CLEMENTI CENTRAL,50 - 54 years,970
CLEMENTI NORTH,50 - 54 years,1880
CLEMENTI WEST,50 - 54 years,1210
CLEMENTI WOODS,50 - 54 years,1110
FABER,50 - 54 years,360
PANDAN,50 - 54 years,-
SUNSET WAY,50 - 54 years,440
TOH TUCK,50 - 54 years,-
WEST COAST,50 - 54 years,550
ANSON,50 - 54 years,-
BAYFRONT SUBZONE,50 - 54 years,-
BUGIS,50 - 54 years,70
CECIL,50 - 54 years,20
CENTRAL SUBZONE,50 - 54 years,70
CITY HALL,50 - 54 years,-
CLIFFORD PIER,50 - 54 years,-
MARINA CENTRE,50 - 54 years,-
MAXWELL,50 - 54 years,-
NICOLL,50 - 54 years,30
PHILLIP,50 - 54 years,-
RAFFLES PLACE,50 - 54 years,-
TANJONG PAGAR,50 - 54 years,40
ALJUNIED,50 - 54 years,2860
GEYLANG EAST,50 - 54 years,2050
KALLANG WAY,50 - 54 years,-
KAMPONG UBI,50 - 54 years,750
MACPHERSON,50 - 54 years,2190
DEFU INDUSTRIAL PARK,50 - 54 years,-
HOUGANG CENTRAL,50 - 54 years,400
HOUGANG EAST,50 - 54 years,1610
HOUGANG WEST,50 - 54 years,3310
KANGKAR,50 - 54 years,2170
KOVAN,50 - 54 years,1740
LORONG AH SOO,50 - 54 years,2410
LORONG HALUS,50 - 54 years,-
TAI SENG,50 - 54 years,1020
TRAFALGAR,50 - 54 years,3950
INTERNATIONAL BUSINESS PARK,50 - 54 years,-
JURONG GATEWAY,50 - 54 years,30
JURONG PORT,50 - 54 years,-
JURONG RIVER,50 - 54 years,-
LAKESIDE (BUSINESS),50 - 54 years,-
LAKESIDE (LEISURE),50 - 54 years,80
PENJURU CRESCENT,50 - 54 years,-
TEBAN GARDENS,50 - 54 years,1270
TOH GUAN,50 - 54 years,1070
YUHUA EAST,50 - 54 years,1750
YUHUA WEST,50 - 54 years,1440
BOON LAY PLACE,50 - 54 years,2250
CHIN BEE,50 - 54 years,-
HONG KAH,50 - 54 years,3960
JURONG WEST CENTRAL,50 - 54 years,4590
KIAN TECK,50 - 54 years,-
SAFTI,50 - 54 years,-
TAMAN JURONG,50 - 54 years,3230
WENYA,50 - 54 years,540
YUNNAN,50 - 54 years,5550
BENDEMEER,50 - 54 years,2350
BOON KENG,50 - 54 years,880
CRAWFORD,50 - 54 years,620
GEYLANG BAHRU,50 - 54 years,940
KALLANG BAHRU,50 - 54 years,-
KAMPONG BUGIS,50 - 54 years,50
KAMPONG JAVA,50 - 54 years,780
LAVENDER,50 - 54 years,720
TANJONG RHU,50 - 54 years,990
LIM CHU KANG,50 - 54 years,10
MANDAI EAST,50 - 54 years,-
MANDAI ESTATE,50 - 54 years,160
MANDAI WEST,50 - 54 years,-
MARINA EAST,50 - 54 years,-
MARINA SOUTH,50 - 54 years,-
EAST COAST,50 - 54 years,-
KATONG,50 - 54 years,710
MARINA EAST (MP),50 - 54 years,-
MARINE PARADE,50 - 54 years,2010
MOUNTBATTEN,50 - 54 years,720
BRAS BASAH,50 - 54 years,-
DHOBY GHAUT,50 - 54 years,20
FORT CANNING,50 - 54 years,20
CAIRNHILL,50 - 54 years,320
GOODWOOD PARK,50 - 54 years,80
ISTANA NEGARA,50 - 54 years,-
MONK'S HILL,50 - 54 years,80
NEWTON CIRCUS,50 - 54 years,30
ORANGE GROVE,50 - 54 years,170
NORTH-EASTERN ISLANDS,50 - 54 years,-
BALESTIER,50 - 54 years,2390
DUNEARN,50 - 54 years,330
MALCOLM,50 - 54 years,200
MOULMEIN,50 - 54 years,630
MOUNT PLEASANT,50 - 54 years,50
BOULEVARD,50 - 54 years,20
SOMERSET,50 - 54 years,20
TANGLIN,50 - 54 years,30
CHINA SQUARE,50 - 54 years,90
CHINATOWN,50 - 54 years,690
PEARL'S HILL,50 - 54 years,440
PEOPLE'S PARK,50 - 54 years,10
FLORA DRIVE,50 - 54 years,1260
LOYANG EAST,50 - 54 years,170
LOYANG WEST,50 - 54 years,-
PASIR RIS CENTRAL,50 - 54 years,2590
PASIR RIS DRIVE,50 - 54 years,4750
PASIR RIS PARK,50 - 54 years,640
PASIR RIS WAFER FAB PARK,50 - 54 years,-
PASIR RIS WEST,50 - 54 years,3590
AIRPORT ROAD,50 - 54 years,-
PAYA LEBAR EAST,50 - 54 years,-
PAYA LEBAR NORTH,50 - 54 years,-
PAYA LEBAR WEST,50 - 54 years,-
PLAB,50 - 54 years,-
BENOI SECTOR,50 - 54 years,-
GUL BASIN,50 - 54 years,-
GUL CIRCLE,50 - 54 years,-
JOO KOON,50 - 54 years,-
PIONEER SECTOR,50 - 54 years,-
CONEY ISLAND,50 - 54 years,-
MATILDA,50 - 54 years,2550
NORTHSHORE,50 - 54 years,40
PUNGGOL CANAL,50 - 54 years,-
PUNGGOL FIELD,50 - 54 years,3390
PUNGGOL TOWN CENTRE,50 - 54 years,980
WATERWAY EAST,50 - 54 years,2340
COMMONWEALTH,50 - 54 years,570
DOVER,50 - 54 years,910
GHIM MOH,50 - 54 years,800
HOLLAND DRIVE,50 - 54 years,970
KENT RIDGE,50 - 54 years,-
MARGARET DRIVE,50 - 54 years,890
MEI CHIN,50 - 54 years,1250
NATIONAL UNIVERSITY OF S'PORE,50 - 54 years,10
ONE NORTH,50 - 54 years,80
PASIR PANJANG 1,50 - 54 years,350
PASIR PANJANG 2,50 - 54 years,240
PORT,50 - 54 years,10
QUEENSWAY,50 - 54 years,30
SINGAPORE POLYTECHNIC,50 - 54 years,-
TANGLIN HALT,50 - 54 years,750
INSTITUTION HILL,50 - 54 years,220
LEONIE HILL,50 - 54 years,300
ONE TREE HILL,50 - 54 years,210
OXLEY,50 - 54 years,120
PATERSON,50 - 54 years,20
BENCOOLEN,50 - 54 years,110
FARRER PARK,50 - 54 years,200
KAMPONG GLAM,50 - 54 years,-
LITTLE INDIA,50 - 54 years,230
MACKENZIE,50 - 54 years,10
MOUNT EMILY,50 - 54 years,100
ROCHOR CANAL,50 - 54 years,-
SELEGIE,50 - 54 years,10
SUNGEI ROAD,50 - 54 years,150
VICTORIA,50 - 54 years,120
PULAU PUNGGOL BARAT,50 - 54 years,-
PULAU PUNGGOL TIMOR,50 - 54 years,-
SELETAR,50 - 54 years,40
SELETAR AEROSPACE PARK,50 - 54 years,-
ADMIRALTY,50 - 54 years,980
SEMBAWANG CENTRAL,50 - 54 years,2600
SEMBAWANG EAST,50 - 54 years,1000
SEMBAWANG NORTH,50 - 54 years,1940
SEMBAWANG SPRINGS,50 - 54 years,640
SEMBAWANG STRAITS,50 - 54 years,160
SENOKO NORTH,50 - 54 years,-
SENOKO SOUTH,50 - 54 years,-
THE WHARVES,50 - 54 years,-
ANCHORVALE,50 - 54 years,2660
COMPASSVALE,50 - 54 years,970
FERNVALE,50 - 54 years,3320
LORONG HALUS NORTH,50 - 54 years,-
RIVERVALE,50 - 54 years,4540
SENGKANG TOWN CENTRE,50 - 54 years,4450
SENGKANG WEST,50 - 54 years,-
LORONG CHUAN,50 - 54 years,710
SELETAR HILLS,50 - 54 years,1100
SERANGOON CENTRAL,50 - 54 years,1670
SERANGOON GARDEN,50 - 54 years,2510
SERANGOON NORTH,50 - 54 years,1290
SERANGOON NORTH IND ESTATE,50 - 54 years,-
UPPER PAYA LEBAR,50 - 54 years,1110
PULAU SELETAR,50 - 54 years,-
SIMPANG NORTH,50 - 54 years,-
SIMPANG SOUTH,50 - 54 years,-
TANJONG IRAU,50 - 54 years,-
BOAT QUAY,50 - 54 years,10
CLARKE QUAY,50 - 54 years,10
ROBERTSON QUAY,50 - 54 years,250
SENTOSA,50 - 54 years,210
SOUTHERN GROUP,50 - 54 years,-
STRAITS VIEW,50 - 54 years,-
GALI BATU,50 - 54 years,-
KRANJI,50 - 54 years,-
PANG SUA,50 - 54 years,-
RESERVOIR VIEW,50 - 54 years,-
TURF CLUB,50 - 54 years,50
SIMEI,50 - 54 years,2950
TAMPINES EAST,50 - 54 years,9710
TAMPINES NORTH,50 - 54 years,300
TAMPINES WEST,50 - 54 years,5640
XILIN,50 - 54 years,130
CHATSWORTH,50 - 54 years,600
NASSIM,50 - 54 years,710
RIDOUT,50 - 54 years,120
TYERSALL,50 - 54 years,330
BRICKLAND,50 - 54 years,-
FOREST HILL,50 - 54 years,-
GARDEN,50 - 54 years,-
PARK,50 - 54 years,-
PLANTATION,50 - 54 years,-
TENGAH INDUSTRIAL ESTATE,50 - 54 years,-
BIDADARI,50 - 54 years,-
BOON TECK,50 - 54 years,1030
BRADDELL,50 - 54 years,720
JOO SENG,50 - 54 years,550
KIM KEAT,50 - 54 years,560
LORONG 8 TOA PAYOH,50 - 54 years,550
PEI CHUN,50 - 54 years,890
POTONG PASIR,50 - 54 years,810
SENNETT,50 - 54 years,370
TOA PAYOH CENTRAL,50 - 54 years,2090
TOA PAYOH WEST,50 - 54 years,1000
WOODLEIGH,50 - 54 years,200
TENGEH,50 - 54 years,-
TUAS BAY,50 - 54 years,-
TUAS NORTH,50 - 54 years,-
TUAS PROMENADE,50 - 54 years,-
TUAS VIEW,50 - 54 years,-
TUAS VIEW EXTENSION,50 - 54 years,-
JURONG ISLAND AND BUKOM,50 - 54 years,-
SEMAKAU,50 - 54 years,-
SUDONG,50 - 54 years,-
BAHAR,50 - 54 years,-
CLEANTECH,50 - 54 years,-
MURAI,50 - 54 years,30
GREENWOOD PARK,50 - 54 years,-
MIDVIEW,50 - 54 years,3270
NORTH COAST,50 - 54 years,1030
SENOKO WEST,50 - 54 years,-
WOODGROVE,50 - 54 years,3300
WOODLANDS EAST,50 - 54 years,8020
WOODLANDS REGIONAL CENTRE,50 - 54 years,-
WOODLANDS SOUTH,50 - 54 years,3190
WOODLANDS WEST,50 - 54 years,2740
KHATIB,50 - 54 years,740
LOWER SELETAR,50 - 54 years,870
NEE SOON,50 - 54 years,80
NORTHLAND,50 - 54 years,2100
SPRINGLEAF,50 - 54 years,290
YISHUN CENTRAL,50 - 54 years,190
YISHUN EAST,50 - 54 years,3850
YISHUN SOUTH,50 - 54 years,2890
YISHUN WEST,50 - 54 years,4330
ANG MO KIO TOWN CENTRE,55 - 59 years,320
CHENG SAN,55 - 59 years,2120
CHONG BOON,55 - 59 years,2090
KEBUN BAHRU,55 - 59 years,1800
SEMBAWANG HILLS,55 - 59 years,550
SHANGRI-LA,55 - 59 years,1390
TAGORE,55 - 59 years,670
TOWNSVILLE,55 - 59 years,1580
YIO CHU KANG,55 - 59 years,-
YIO CHU KANG EAST,55 - 59 years,330
YIO CHU KANG NORTH,55 - 59 years,-
YIO CHU KANG WEST,55 - 59 years,1950
BAYSHORE,55 - 59 years,510
BEDOK NORTH,55 - 59 years,6950
BEDOK RESERVOIR,55 - 59 years,1840
BEDOK SOUTH,55 - 59 years,3730
FRANKEL,55 - 59 years,2280
KAKI BUKIT,55 - 59 years,3240
KEMBANGAN,55 - 59 years,2940
SIGLAP,55 - 59 years,460
BISHAN EAST,55 - 59 years,2110
MARYMOUNT,55 - 59 years,2530
UPPER THOMSON,55 - 59 years,2310
LIU FANG,55 - 59 years,-
SAMULUN,55 - 59 years,-
SHIPYARD,55 - 59 years,-
TUKANG,55 - 59 years,-
BRICKWORKS,55 - 59 years,790
BUKIT BATOK CENTRAL,55 - 59 years,2020
BUKIT BATOK EAST,55 - 59 years,1160
BUKIT BATOK SOUTH,55 - 59 years,1310
BUKIT BATOK WEST,55 - 59 years,1180
GOMBAK,55 - 59 years,710
GUILIN,55 - 59 years,1100
HILLVIEW,55 - 59 years,1860
HONG KAH NORTH,55 - 59 years,2370
ALEXANDRA HILL,55 - 59 years,1070
ALEXANDRA NORTH,55 - 59 years,130
BUKIT HO SWEE,55 - 59 years,1120
BUKIT MERAH,55 - 59 years,90
CITY TERMINALS,55 - 59 years,-
DEPOT ROAD,55 - 59 years,370
EVERTON PARK,55 - 59 years,520
HENDERSON HILL,55 - 59 years,1050
KAMPONG TIONG BAHRU,55 - 59 years,720
MARITIME SQUARE,55 - 59 years,240
REDHILL,55 - 59 years,730
SINGAPORE GENERAL HOSPITAL,55 - 59 years,-
TELOK BLANGAH DRIVE,55 - 59 years,1230
TELOK BLANGAH RISE,55 - 59 years,860
TELOK BLANGAH WAY,55 - 59 years,740
TIONG BAHRU,55 - 59 years,730
TIONG BAHRU STATION,55 - 59 years,1070
BANGKIT,55 - 59 years,2190
DAIRY FARM,55 - 59 years,550
FAJAR,55 - 59 years,2140
JELEBU,55 - 59 years,2890
NATURE RESERVE,55 - 59 years,340
SAUJANA,55 - 59 years,1880
SENJA,55 - 59 years,1260
ANAK BUKIT,55 - 59 years,1580
CORONATION ROAD,55 - 59 years,400
FARRER COURT,55 - 59 years,380
HILLCREST,55 - 59 years,640
HOLLAND ROAD,55 - 59 years,700
LEEDON PARK,55 - 59 years,440
SWISS CLUB,55 - 59 years,350
ULU PANDAN,55 - 59 years,830
CENTRAL WATER CATCHMENT,55 - 59 years,-
CHANGI AIRPORT,55 - 59 years,-
CHANGI POINT,55 - 59 years,60
CHANGI WEST,55 - 59 years,40
CHANGI BAY,55 - 59 years,-
CHOA CHU KANG CENTRAL,55 - 59 years,1990
CHOA CHU KANG NORTH,55 - 59 years,3230
KEAT HONG,55 - 59 years,2280
PENG SIANG,55 - 59 years,2880
TECK WHYE,55 - 59 years,2440
YEW TEE,55 - 59 years,3330
CLEMENTI CENTRAL,55 - 59 years,990
CLEMENTI NORTH,55 - 59 years,1980
CLEMENTI WEST,55 - 59 years,1150
CLEMENTI WOODS,55 - 59 years,1180
FABER,55 - 59 years,290
PANDAN,55 - 59 years,-
SUNSET WAY,55 - 59 years,420
TOH TUCK,55 - 59 years,-
WEST COAST,55 - 59 years,400
ANSON,55 - 59 years,-
BAYFRONT SUBZONE,55 - 59 years,-
BUGIS,55 - 59 years,60
CECIL,55 - 59 years,10
CENTRAL SUBZONE,55 - 59 years,60
CITY HALL,55 - 59 years,-
CLIFFORD PIER,55 - 59 years,-
MARINA CENTRE,55 - 59 years,-
MAXWELL,55 - 59 years,-
NICOLL,55 - 59 years,30
PHILLIP,55 - 59 years,-
RAFFLES PLACE,55 - 59 years,-
TANJONG PAGAR,55 - 59 years,50
ALJUNIED,55 - 59 years,3070
GEYLANG EAST,55 - 59 years,2110
KALLANG WAY,55 - 59 years,-
KAMPONG UBI,55 - 59 years,1010
MACPHERSON,55 - 59 years,2410
DEFU INDUSTRIAL PARK,55 - 59 years,-
HOUGANG CENTRAL,55 - 59 years,400
HOUGANG EAST,55 - 59 years,2070
HOUGANG WEST,55 - 59 years,4430
KANGKAR,55 - 59 years,2290
KOVAN,55 - 59 years,1940
LORONG AH SOO,55 - 59 years,2580
LORONG HALUS,55 - 59 years,-
TAI SENG,55 - 59 years,1180
TRAFALGAR,55 - 59 years,4150
INTERNATIONAL BUSINESS PARK,55 - 59 years,-
JURONG GATEWAY,55 - 59 years,20
JURONG PORT,55 - 59 years,-
JURONG RIVER,55 - 59 years,-
LAKESIDE (BUSINESS),55 - 59 years,-
LAKESIDE (LEISURE),55 - 59 years,70
PENJURU CRESCENT,55 - 59 years,-
TEBAN GARDENS,55 - 59 years,1360
TOH GUAN,55 - 59 years,1280
YUHUA EAST,55 - 59 years,1890
YUHUA WEST,55 - 59 years,1600
BOON LAY PLACE,55 - 59 years,2120
CHIN BEE,55 - 59 years,-
HONG KAH,55 - 59 years,4010
JURONG WEST CENTRAL,55 - 59 years,4170
KIAN TECK,55 - 59 years,-
SAFTI,55 - 59 years,-
TAMAN JURONG,55 - 59 years,2840
WENYA,55 - 59 years,420
YUNNAN,55 - 59 years,5790
BENDEMEER,55 - 59 years,2380
BOON KENG,55 - 59 years,910
CRAWFORD,55 - 59 years,810
GEYLANG BAHRU,55 - 59 years,980
KALLANG BAHRU,55 - 59 years,-
KAMPONG BUGIS,55 - 59 years,60
KAMPONG JAVA,55 - 59 years,790
LAVENDER,55 - 59 years,750
TANJONG RHU,55 - 59 years,820
LIM CHU KANG,55 - 59 years,10
MANDAI EAST,55 - 59 years,-
MANDAI ESTATE,55 - 59 years,180
MANDAI WEST,55 - 59 years,-
MARINA EAST,55 - 59 years,-
MARINA SOUTH,55 - 59 years,-
EAST COAST,55 - 59 years,-
KATONG,55 - 59 years,670
MARINA EAST (MP),55 - 59 years,-
MARINE PARADE,55 - 59 years,1870
MOUNTBATTEN,55 - 59 years,740
BRAS BASAH,55 - 59 years,-
DHOBY GHAUT,55 - 59 years,20
FORT CANNING,55 - 59 years,20
CAIRNHILL,55 - 59 years,270
GOODWOOD PARK,55 - 59 years,90
ISTANA NEGARA,55 - 59 years,-
MONK'S HILL,55 - 59 years,80
NEWTON CIRCUS,55 - 59 years,20
ORANGE GROVE,55 - 59 years,150
NORTH-EASTERN ISLANDS,55 - 59 years,-
BALESTIER,55 - 59 years,2320
DUNEARN,55 - 59 years,310
MALCOLM,55 - 59 years,220
MOULMEIN,55 - 59 years,500
MOUNT PLEASANT,55 - 59 years,70
BOULEVARD,55 - 59 years,20
SOMERSET,55 - 59 years,-
TANGLIN,55 - 59 years,30
CHINA SQUARE,55 - 59 years,130
CHINATOWN,55 - 59 years,690
PEARL'S HILL,55 - 59 years,570
PEOPLE'S PARK,55 - 59 years,20
FLORA DRIVE,55 - 59 years,1200
LOYANG EAST,55 - 59 years,190
LOYANG WEST,55 - 59 years,10
PASIR RIS CENTRAL,55 - 59 years,2890
PASIR RIS DRIVE,55 - 59 years,5660
PASIR RIS PARK,55 - 59 years,470
PASIR RIS WAFER FAB PARK,55 - 59 years,-
PASIR RIS WEST,55 - 59 years,3430
AIRPORT ROAD,55 - 59 years,-
PAYA LEBAR EAST,55 - 59 years,-
PAYA LEBAR NORTH,55 - 59 years,-
PAYA LEBAR WEST,55 - 59 years,-
PLAB,55 - 59 years,-
BENOI SECTOR,55 - 59 years,-
GUL BASIN,55 - 59 years,-
GUL CIRCLE,55 - 59 years,-
JOO KOON,55 - 59 years,-
PIONEER SECTOR,55 - 59 years,-
CONEY ISLAND,55 - 59 years,-
MATILDA,55 - 59 years,2140
NORTHSHORE,55 - 59 years,30
PUNGGOL CANAL,55 - 59 years,-
PUNGGOL FIELD,55 - 59 years,2930
PUNGGOL TOWN CENTRE,55 - 59 years,790
WATERWAY EAST,55 - 59 years,2000
COMMONWEALTH,55 - 59 years,610
DOVER,55 - 59 years,820
GHIM MOH,55 - 59 years,860
HOLLAND DRIVE,55 - 59 years,950
KENT RIDGE,55 - 59 years,-
MARGARET DRIVE,55 - 59 years,850
MEI CHIN,55 - 59 years,1300
NATIONAL UNIVERSITY OF S'PORE,55 - 59 years,10
ONE NORTH,55 - 59 years,40
PASIR PANJANG 1,55 - 59 years,340
PASIR PANJANG 2,55 - 59 years,250
PORT,55 - 59 years,10
QUEENSWAY,55 - 59 years,20
SINGAPORE POLYTECHNIC,55 - 59 years,-
TANGLIN HALT,55 - 59 years,770
INSTITUTION HILL,55 - 59 years,140
LEONIE HILL,55 - 59 years,220
ONE TREE HILL,55 - 59 years,170
OXLEY,55 - 59 years,110
PATERSON,55 - 59 years,20
BENCOOLEN,55 - 59 years,110
FARRER PARK,55 - 59 years,170
KAMPONG GLAM,55 - 59 years,10
LITTLE INDIA,55 - 59 years,250
MACKENZIE,55 - 59 years,-
MOUNT EMILY,55 - 59 years,80
ROCHOR CANAL,55 - 59 years,-
SELEGIE,55 - 59 years,10
SUNGEI ROAD,55 - 59 years,170
VICTORIA,55 - 59 years,150
PULAU PUNGGOL BARAT,55 - 59 years,-
PULAU PUNGGOL TIMOR,55 - 59 years,-
SELETAR,55 - 59 years,20
SELETAR AEROSPACE PARK,55 - 59 years,-
ADMIRALTY,55 - 59 years,940
SEMBAWANG CENTRAL,55 - 59 years,2500
SEMBAWANG EAST,55 - 59 years,840
SEMBAWANG NORTH,55 - 59 years,1800
SEMBAWANG SPRINGS,55 - 59 years,470
SEMBAWANG STRAITS,55 - 59 years,180
SENOKO NORTH,55 - 59 years,-
SENOKO SOUTH,55 - 59 years,-
THE WHARVES,55 - 59 years,-
ANCHORVALE,55 - 59 years,2370
COMPASSVALE,55 - 59 years,900
FERNVALE,55 - 59 years,2800
LORONG HALUS NORTH,55 - 59 years,-
RIVERVALE,55 - 59 years,4630
SENGKANG TOWN CENTRE,55 - 59 years,4260
SENGKANG WEST,55 - 59 years,-
LORONG CHUAN,55 - 59 years,730
SELETAR HILLS,55 - 59 years,1200
SERANGOON CENTRAL,55 - 59 years,1970
SERANGOON GARDEN,55 - 59 years,2830
SERANGOON NORTH,55 - 59 years,1470
SERANGOON NORTH IND ESTATE,55 - 59 years,-
UPPER PAYA LEBAR,55 - 59 years,1210
PULAU SELETAR,55 - 59 years,-
SIMPANG NORTH,55 - 59 years,-
SIMPANG SOUTH,55 - 59 years,-
TANJONG IRAU,55 - 59 years,-
BOAT QUAY,55 - 59 years,10
CLARKE QUAY,55 - 59 years,10
ROBERTSON QUAY,55 - 59 years,180
SENTOSA,55 - 59 years,190
SOUTHERN GROUP,55 - 59 years,-
STRAITS VIEW,55 - 59 years,-
GALI BATU,55 - 59 years,-
KRANJI,55 - 59 years,-
PANG SUA,55 - 59 years,-
RESERVOIR VIEW,55 - 59 years,-
TURF CLUB,55 - 59 years,50
SIMEI,55 - 59 years,3360
TAMPINES EAST,55 - 59 years,11350
TAMPINES NORTH,55 - 59 years,240
TAMPINES WEST,55 - 59 years,6390
XILIN,55 - 59 years,230
CHATSWORTH,55 - 59 years,420
NASSIM,55 - 59 years,620
RIDOUT,55 - 59 years,110
TYERSALL,55 - 59 years,290
BRICKLAND,55 - 59 years,-
FOREST HILL,55 - 59 years,-
GARDEN,55 - 59 years,-
PARK,55 - 59 years,-
PLANTATION,55 - 59 years,-
TENGAH INDUSTRIAL ESTATE,55 - 59 years,-
BIDADARI,55 - 59 years,-
BOON TECK,55 - 59 years,1170
BRADDELL,55 - 59 years,740
JOO SENG,55 - 59 years,560
KIM KEAT,55 - 59 years,640
LORONG 8 TOA PAYOH,55 - 59 years,610
PEI CHUN,55 - 59 years,870
POTONG PASIR,55 - 59 years,840
SENNETT,55 - 59 years,420
TOA PAYOH CENTRAL,55 - 59 years,2030
TOA PAYOH WEST,55 - 59 years,1100
WOODLEIGH,55 - 59 years,160
TENGEH,55 - 59 years,-
TUAS BAY,55 - 59 years,-
TUAS NORTH,55 - 59 years,-
TUAS PROMENADE,55 - 59 years,-
TUAS VIEW,55 - 59 years,-
TUAS VIEW EXTENSION,55 - 59 years,-
JURONG ISLAND AND BUKOM,55 - 59 years,-
SEMAKAU,55 - 59 years,-
SUDONG,55 - 59 years,-
BAHAR,55 - 59 years,-
CLEANTECH,55 - 59 years,-
MURAI,55 - 59 years,50
GREENWOOD PARK,55 - 59 years,-
MIDVIEW,55 - 59 years,2960
NORTH COAST,55 - 59 years,1210
SENOKO WEST,55 - 59 years,-
WOODGROVE,55 - 59 years,3000
WOODLANDS EAST,55 - 59 years,7510
WOODLANDS REGIONAL CENTRE,55 - 59 years,-
WOODLANDS SOUTH,55 - 59 years,2600
WOODLANDS WEST,55 - 59 years,2920
KHATIB,55 - 59 years,1010
LOWER SELETAR,55 - 59 years,730
NEE SOON,55 - 59 years,90
NORTHLAND,55 - 59 years,2640
SPRINGLEAF,55 - 59 years,370
YISHUN CENTRAL,55 - 59 years,210
YISHUN EAST,55 - 59 years,4190
YISHUN SOUTH,55 - 59 years,3690
YISHUN WEST,55 - 59 years,4840
ANG MO KIO TOWN CENTRE,60 - 64 years,300
CHENG SAN,60 - 64 years,2120
CHONG BOON,60 - 64 years,2140
KEBUN BAHRU,60 - 64 years,1750
SEMBAWANG HILLS,60 - 64 years,480
SHANGRI-LA,60 - 64 years,1270
TAGORE,60 - 64 years,730
TOWNSVILLE,60 - 64 years,1660
YIO CHU KANG,60 - 64 years,-
YIO CHU KANG EAST,60 - 64 years,380
YIO CHU KANG NORTH,60 - 64 years,-
YIO CHU KANG WEST,60 - 64 years,1910
BAYSHORE,60 - 64 years,400
BEDOK NORTH,60 - 64 years,6560
BEDOK RESERVOIR,60 - 64 years,1800
BEDOK SOUTH,60 - 64 years,3740
FRANKEL,60 - 64 years,2110
KAKI BUKIT,60 - 64 years,3510
KEMBANGAN,60 - 64 years,3240
SIGLAP,60 - 64 years,500
BISHAN EAST,60 - 64 years,2420
MARYMOUNT,60 - 64 years,2360
UPPER THOMSON,60 - 64 years,2350
LIU FANG,60 - 64 years,-
SAMULUN,60 - 64 years,-
SHIPYARD,60 - 64 years,-
TUKANG,60 - 64 years,-
BRICKWORKS,60 - 64 years,640
BUKIT BATOK CENTRAL,60 - 64 years,2100
BUKIT BATOK EAST,60 - 64 years,1220
BUKIT BATOK SOUTH,60 - 64 years,1160
BUKIT BATOK WEST,60 - 64 years,1220
GOMBAK,60 - 64 years,630
GUILIN,60 - 64 years,920
HILLVIEW,60 - 64 years,1400
HONG KAH NORTH,60 - 64 years,2460
ALEXANDRA HILL,60 - 64 years,1140
ALEXANDRA NORTH,60 - 64 years,100
BUKIT HO SWEE,60 - 64 years,1270
BUKIT MERAH,60 - 64 years,70
CITY TERMINALS,60 - 64 years,-
DEPOT ROAD,60 - 64 years,340
EVERTON PARK,60 - 64 years,580
HENDERSON HILL,60 - 64 years,1140
KAMPONG TIONG BAHRU,60 - 64 years,780
MARITIME SQUARE,60 - 64 years,190
REDHILL,60 - 64 years,620
SINGAPORE GENERAL HOSPITAL,60 - 64 years,-
TELOK BLANGAH DRIVE,60 - 64 years,1200
TELOK BLANGAH RISE,60 - 64 years,1030
TELOK BLANGAH WAY,60 - 64 years,820
TIONG BAHRU,60 - 64 years,790
TIONG BAHRU STATION,60 - 64 years,1050
BANGKIT,60 - 64 years,2020
DAIRY FARM,60 - 64 years,430
FAJAR,60 - 64 years,1820
JELEBU,60 - 64 years,2660
NATURE RESERVE,60 - 64 years,270
SAUJANA,60 - 64 years,1840
SENJA,60 - 64 years,1240
ANAK BUKIT,60 - 64 years,1730
CORONATION ROAD,60 - 64 years,360
FARRER COURT,60 - 64 years,290
HILLCREST,60 - 64 years,560
HOLLAND ROAD,60 - 64 years,560
LEEDON PARK,60 - 64 years,390
SWISS CLUB,60 - 64 years,320
ULU PANDAN,60 - 64 years,740
CENTRAL WATER CATCHMENT,60 - 64 years,-
CHANGI AIRPORT,60 - 64 years,-
CHANGI POINT,60 - 64 years,60
CHANGI WEST,60 - 64 years,40
CHANGI BAY,60 - 64 years,-
CHOA CHU KANG CENTRAL,60 - 64 years,1490
CHOA CHU KANG NORTH,60 - 64 years,2270
KEAT HONG,60 - 64 years,1730
PENG SIANG,60 - 64 years,2360
TECK WHYE,60 - 64 years,2070
YEW TEE,60 - 64 years,2840
CLEMENTI CENTRAL,60 - 64 years,990
CLEMENTI NORTH,60 - 64 years,1840
CLEMENTI WEST,60 - 64 years,1210
CLEMENTI WOODS,60 - 64 years,1060
FABER,60 - 64 years,220
PANDAN,60 - 64 years,-
SUNSET WAY,60 - 64 years,430
TOH TUCK,60 - 64 years,-
WEST COAST,60 - 64 years,340
ANSON,60 - 64 years,-
BAYFRONT SUBZONE,60 - 64 years,-
BUGIS,60 - 64 years,60
CECIL,60 - 64 years,10
CENTRAL SUBZONE,60 - 64 years,40
CITY HALL,60 - 64 years,-
CLIFFORD PIER,60 - 64 years,-
MARINA CENTRE,60 - 64 years,-
MAXWELL,60 - 64 years,-
NICOLL,60 - 64 years,30
PHILLIP,60 - 64 years,-
RAFFLES PLACE,60 - 64 years,-
TANJONG PAGAR,60 - 64 years,30
ALJUNIED,60 - 64 years,3120
GEYLANG EAST,60 - 64 years,2230
KALLANG WAY,60 - 64 years,-
KAMPONG UBI,60 - 64 years,1100
MACPHERSON,60 - 64 years,2340
DEFU INDUSTRIAL PARK,60 - 64 years,-
HOUGANG CENTRAL,60 - 64 years,430
HOUGANG EAST,60 - 64 years,1870
HOUGANG WEST,60 - 64 years,4410
KANGKAR,60 - 64 years,2200
KOVAN,60 - 64 years,1920
LORONG AH SOO,60 - 64 years,2700
LORONG HALUS,60 - 64 years,-
TAI SENG,60 - 64 years,1170
TRAFALGAR,60 - 64 years,3930
INTERNATIONAL BUSINESS PARK,60 - 64 years,-
JURONG GATEWAY,60 - 64 years,20
JURONG PORT,60 - 64 years,-
JURONG RIVER,60 - 64 years,-
LAKESIDE (BUSINESS),60 - 64 years,-
LAKESIDE (LEISURE),60 - 64 years,100
PENJURU CRESCENT,60 - 64 years,-
TEBAN GARDENS,60 - 64 years,1350
TOH GUAN,60 - 64 years,1400
YUHUA EAST,60 - 64 years,2170
YUHUA WEST,60 - 64 years,1640
BOON LAY PLACE,60 - 64 years,1790
CHIN BEE,60 - 64 years,-
HONG KAH,60 - 64 years,4310
JURONG WEST CENTRAL,60 - 64 years,4040
KIAN TECK,60 - 64 years,-
SAFTI,60 - 64 years,-
TAMAN JURONG,60 - 64 years,2490
WENYA,60 - 64 years,390
YUNNAN,60 - 64 years,4800
BENDEMEER,60 - 64 years,2690
BOON KENG,60 - 64 years,970
CRAWFORD,60 - 64 years,860
GEYLANG BAHRU,60 - 64 years,940
KALLANG BAHRU,60 - 64 years,-
KAMPONG BUGIS,60 - 64 years,90
KAMPONG JAVA,60 - 64 years,760
LAVENDER,60 - 64 years,730
TANJONG RHU,60 - 64 years,690
LIM CHU KANG,60 - 64 years,10
MANDAI EAST,60 - 64 years,-
MANDAI ESTATE,60 - 64 years,150
MANDAI WEST,60 - 64 years,-
MARINA EAST,60 - 64 years,-
MARINA SOUTH,60 - 64 years,-
EAST COAST,60 - 64 years,-
KATONG,60 - 64 years,600
MARINA EAST (MP),60 - 64 years,-
MARINE PARADE,60 - 64 years,1770
MOUNTBATTEN,60 - 64 years,650
BRAS BASAH,60 - 64 years,-
DHOBY GHAUT,60 - 64 years,10
FORT CANNING,60 - 64 years,10
CAIRNHILL,60 - 64 years,230
GOODWOOD PARK,60 - 64 years,60
ISTANA NEGARA,60 - 64 years,-
MONK'S HILL,60 - 64 years,50
NEWTON CIRCUS,60 - 64 years,10
ORANGE GROVE,60 - 64 years,130
NORTH-EASTERN ISLANDS,60 - 64 years,-
BALESTIER,60 - 64 years,2240
DUNEARN,60 - 64 years,250
MALCOLM,60 - 64 years,170
MOULMEIN,60 - 64 years,370
MOUNT PLEASANT,60 - 64 years,50
BOULEVARD,60 - 64 years,40
SOMERSET,60 - 64 years,10
TANGLIN,60 - 64 years,20
CHINA SQUARE,60 - 64 years,130
CHINATOWN,60 - 64 years,660
PEARL'S HILL,60 - 64 years,650
PEOPLE'S PARK,60 - 64 years,20
FLORA DRIVE,60 - 64 years,980
LOYANG EAST,60 - 64 years,200
LOYANG WEST,60 - 64 years,10
PASIR RIS CENTRAL,60 - 64 years,2100
PASIR RIS DRIVE,60 - 64 years,4380
PASIR RIS PARK,60 - 64 years,250
PASIR RIS WAFER FAB PARK,60 - 64 years,-
PASIR RIS WEST,60 - 64 years,2280
AIRPORT ROAD,60 - 64 years,-
PAYA LEBAR EAST,60 - 64 years,-
PAYA LEBAR NORTH,60 - 64 years,-
PAYA LEBAR WEST,60 - 64 years,-
PLAB,60 - 64 years,-
BENOI SECTOR,60 - 64 years,-
GUL BASIN,60 - 64 years,-
GUL CIRCLE,60 - 64 years,-
JOO KOON,60 - 64 years,-
PIONEER SECTOR,60 - 64 years,-
CONEY ISLAND,60 - 64 years,-
MATILDA,60 - 64 years,1730
NORTHSHORE,60 - 64 years,40
PUNGGOL CANAL,60 - 64 years,-
PUNGGOL FIELD,60 - 64 years,2510
PUNGGOL TOWN CENTRE,60 - 64 years,620
WATERWAY EAST,60 - 64 years,1540
COMMONWEALTH,60 - 64 years,570
DOVER,60 - 64 years,700
GHIM MOH,60 - 64 years,820
HOLLAND DRIVE,60 - 64 years,850
KENT RIDGE,60 - 64 years,-
MARGARET DRIVE,60 - 64 years,790
MEI CHIN,60 - 64 years,1220
NATIONAL UNIVERSITY OF S'PORE,60 - 64 years,-
ONE NORTH,60 - 64 years,20
PASIR PANJANG 1,60 - 64 years,280
PASIR PANJANG 2,60 - 64 years,230
PORT,60 - 64 years,10
QUEENSWAY,60 - 64 years,20
SINGAPORE POLYTECHNIC,60 - 64 years,-
TANGLIN HALT,60 - 64 years,740
INSTITUTION HILL,60 - 64 years,120
LEONIE HILL,60 - 64 years,190
ONE TREE HILL,60 - 64 years,150
OXLEY,60 - 64 years,90
PATERSON,60 - 64 years,10
BENCOOLEN,60 - 64 years,110
FARRER PARK,60 - 64 years,200
KAMPONG GLAM,60 - 64 years,10
LITTLE INDIA,60 - 64 years,290
MACKENZIE,60 - 64 years,-
MOUNT EMILY,60 - 64 years,70
ROCHOR CANAL,60 - 64 years,-
SELEGIE,60 - 64 years,10
SUNGEI ROAD,60 - 64 years,160
VICTORIA,60 - 64 years,160
PULAU PUNGGOL BARAT,60 - 64 years,-
PULAU PUNGGOL TIMOR,60 - 64 years,-
SELETAR,60 - 64 years,10
SELETAR AEROSPACE PARK,60 - 64 years,-
ADMIRALTY,60 - 64 years,820
SEMBAWANG CENTRAL,60 - 64 years,2130
SEMBAWANG EAST,60 - 64 years,540
SEMBAWANG NORTH,60 - 64 years,1600
SEMBAWANG SPRINGS,60 - 64 years,320
SEMBAWANG STRAITS,60 - 64 years,120
SENOKO NORTH,60 - 64 years,-
SENOKO SOUTH,60 - 64 years,-
THE WHARVES,60 - 64 years,-
ANCHORVALE,60 - 64 years,2290
COMPASSVALE,60 - 64 years,830
FERNVALE,60 - 64 years,2400
LORONG HALUS NORTH,60 - 64 years,-
RIVERVALE,60 - 64 years,4220
SENGKANG TOWN CENTRE,60 - 64 years,3890
SENGKANG WEST,60 - 64 years,-
LORONG CHUAN,60 - 64 years,640
SELETAR HILLS,60 - 64 years,1140
SERANGOON CENTRAL,60 - 64 years,2330
SERANGOON GARDEN,60 - 64 years,3240
SERANGOON NORTH,60 - 64 years,1340
SERANGOON NORTH IND ESTATE,60 - 64 years,-
UPPER PAYA LEBAR,60 - 64 years,1390
PULAU SELETAR,60 - 64 years,-
SIMPANG NORTH,60 - 64 years,-
SIMPANG SOUTH,60 - 64 years,-
TANJONG IRAU,60 - 64 years,-
BOAT QUAY,60 - 64 years,10
CLARKE QUAY,60 - 64 years,-
ROBERTSON QUAY,60 - 64 years,120
SENTOSA,60 - 64 years,120
SOUTHERN GROUP,60 - 64 years,-
STRAITS VIEW,60 - 64 years,-
GALI BATU,60 - 64 years,-
KRANJI,60 - 64 years,-
PANG SUA,60 - 64 years,-
RESERVOIR VIEW,60 - 64 years,-
TURF CLUB,60 - 64 years,50
SIMEI,60 - 64 years,3190
TAMPINES EAST,60 - 64 years,11330
TAMPINES NORTH,60 - 64 years,260
TAMPINES WEST,60 - 64 years,6410
XILIN,60 - 64 years,180
CHATSWORTH,60 - 64 years,350
NASSIM,60 - 64 years,540
RIDOUT,60 - 64 years,100
TYERSALL,60 - 64 years,260
BRICKLAND,60 - 64 years,-
FOREST HILL,60 - 64 years,-
GARDEN,60 - 64 years,-
PARK,60 - 64 years,-
PLANTATION,60 - 64 years,-
TENGAH INDUSTRIAL ESTATE,60 - 64 years,-
BIDADARI,60 - 64 years,-
BOON TECK,60 - 64 years,1190
BRADDELL,60 - 64 years,740
JOO SENG,60 - 64 years,530
KIM KEAT,60 - 64 years,780
LORONG 8 TOA PAYOH,60 - 64 years,620
PEI CHUN,60 - 64 years,870
POTONG PASIR,60 - 64 years,980
SENNETT,60 - 64 years,430
TOA PAYOH CENTRAL,60 - 64 years,1920
TOA PAYOH WEST,60 - 64 years,1090
WOODLEIGH,60 - 64 years,170
TENGEH,60 - 64 years,-
TUAS BAY,60 - 64 years,-
TUAS NORTH,60 - 64 years,-
TUAS PROMENADE,60 - 64 years,-
TUAS VIEW,60 - 64 years,-
TUAS VIEW EXTENSION,60 - 64 years,-
JURONG ISLAND AND BUKOM,60 - 64 years,-
SEMAKAU,60 - 64 years,-
SUDONG,60 - 64 years,-
BAHAR,60 - 64 years,-
CLEANTECH,60 - 64 years,-
MURAI,60 - 64 years,50
GREENWOOD PARK,60 - 64 years,-
MIDVIEW,60 - 64 years,2100
NORTH COAST,60 - 64 years,1030
SENOKO WEST,60 - 64 years,-
WOODGROVE,60 - 64 years,2350
WOODLANDS EAST,60 - 64 years,5710
WOODLANDS REGIONAL CENTRE,60 - 64 years,-
WOODLANDS SOUTH,60 - 64 years,2020
WOODLANDS WEST,60 - 64 years,2680
KHATIB,60 - 64 years,1040
LOWER SELETAR,60 - 64 years,530
NEE SOON,60 - 64 years,60
NORTHLAND,60 - 64 years,2480
SPRINGLEAF,60 - 64 years,350
YISHUN CENTRAL,60 - 64 years,170
YISHUN EAST,60 - 64 years,3440
YISHUN SOUTH,60 - 64 years,3250
YISHUN WEST,60 - 64 years,4500
ANG MO KIO TOWN CENTRE,65 - 69 years,250
CHENG SAN,65 - 69 years,2170
CHONG BOON,65 - 69 years,2100
KEBUN BAHRU,65 - 69 years,1690
SEMBAWANG HILLS,65 - 69 years,410
SHANGRI-LA,65 - 69 years,1180
TAGORE,65 - 69 years,550
TOWNSVILLE,65 - 69 years,1530
YIO CHU KANG,65 - 69 years,-
YIO CHU KANG EAST,65 - 69 years,260
YIO CHU KANG NORTH,65 - 69 years,-
YIO CHU KANG WEST,65 - 69 years,1820
BAYSHORE,65 - 69 years,350
BEDOK NORTH,65 - 69 years,5980
BEDOK RESERVOIR,65 - 69 years,1550
BEDOK SOUTH,65 - 69 years,3360
FRANKEL,65 - 69 years,1880
KAKI BUKIT,65 - 69 years,2740
KEMBANGAN,65 - 69 years,2750
SIGLAP,65 - 69 years,430
BISHAN EAST,65 - 69 years,2090
MARYMOUNT,65 - 69 years,1790
UPPER THOMSON,65 - 69 years,1960
LIU FANG,65 - 69 years,-
SAMULUN,65 - 69 years,-
SHIPYARD,65 - 69 years,-
TUKANG,65 - 69 years,-
BRICKWORKS,65 - 69 years,430
BUKIT BATOK CENTRAL,65 - 69 years,1750
BUKIT BATOK EAST,65 - 69 years,1060
BUKIT BATOK SOUTH,65 - 69 years,830
BUKIT BATOK WEST,65 - 69 years,1070
GOMBAK,65 - 69 years,550
GUILIN,65 - 69 years,750
HILLVIEW,65 - 69 years,1080
HONG KAH NORTH,65 - 69 years,1810
ALEXANDRA HILL,65 - 69 years,1070
ALEXANDRA NORTH,65 - 69 years,70
BUKIT HO SWEE,65 - 69 years,1110
BUKIT MERAH,65 - 69 years,80
CITY TERMINALS,65 - 69 years,-
DEPOT ROAD,65 - 69 years,330
EVERTON PARK,65 - 69 years,620
HENDERSON HILL,65 - 69 years,970
KAMPONG TIONG BAHRU,65 - 69 years,790
MARITIME SQUARE,65 - 69 years,140
REDHILL,65 - 69 years,510
SINGAPORE GENERAL HOSPITAL,65 - 69 years,-
TELOK BLANGAH DRIVE,65 - 69 years,1150
TELOK BLANGAH RISE,65 - 69 years,1120
TELOK BLANGAH WAY,65 - 69 years,710
TIONG BAHRU,65 - 69 years,810
TIONG BAHRU STATION,65 - 69 years,750
BANGKIT,65 - 69 years,1440
DAIRY FARM,65 - 69 years,310
FAJAR,65 - 69 years,1380
JELEBU,65 - 69 years,1930
NATURE RESERVE,65 - 69 years,190
SAUJANA,65 - 69 years,1230
SENJA,65 - 69 years,890
ANAK BUKIT,65 - 69 years,1400
CORONATION ROAD,65 - 69 years,330
FARRER COURT,65 - 69 years,240
HILLCREST,65 - 69 years,390
HOLLAND ROAD,65 - 69 years,500
LEEDON PARK,65 - 69 years,350
SWISS CLUB,65 - 69 years,300
ULU PANDAN,65 - 69 years,710
CENTRAL WATER CATCHMENT,65 - 69 years,-
CHANGI AIRPORT,65 - 69 years,-
CHANGI POINT,65 - 69 years,50
CHANGI WEST,65 - 69 years,20
CHANGI BAY,65 - 69 years,-
CHOA CHU KANG CENTRAL,65 - 69 years,1000
CHOA CHU KANG NORTH,65 - 69 years,1410
KEAT HONG,65 - 69 years,1120
PENG SIANG,65 - 69 years,1730
TECK WHYE,65 - 69 years,1570
YEW TEE,65 - 69 years,1760
CLEMENTI CENTRAL,65 - 69 years,1000
CLEMENTI NORTH,65 - 69 years,2040
CLEMENTI WEST,65 - 69 years,1170
CLEMENTI WOODS,65 - 69 years,1060
FABER,65 - 69 years,220
PANDAN,65 - 69 years,-
SUNSET WAY,65 - 69 years,470
TOH TUCK,65 - 69 years,-
WEST COAST,65 - 69 years,310
ANSON,65 - 69 years,-
BAYFRONT SUBZONE,65 - 69 years,-
BUGIS,65 - 69 years,70
CECIL,65 - 69 years,10
CENTRAL SUBZONE,65 - 69 years,30
CITY HALL,65 - 69 years,-
CLIFFORD PIER,65 - 69 years,-
MARINA CENTRE,65 - 69 years,-
MAXWELL,65 - 69 years,-
NICOLL,65 - 69 years,10
PHILLIP,65 - 69 years,-
RAFFLES PLACE,65 - 69 years,-
TANJONG PAGAR,65 - 69 years,20
ALJUNIED,65 - 69 years,2620
GEYLANG EAST,65 - 69 years,1960
KALLANG WAY,65 - 69 years,-
KAMPONG UBI,65 - 69 years,840
MACPHERSON,65 - 69 years,1870
DEFU INDUSTRIAL PARK,65 - 69 years,-
HOUGANG CENTRAL,65 - 69 years,310
HOUGANG EAST,65 - 69 years,1370
HOUGANG WEST,65 - 69 years,3390
KANGKAR,65 - 69 years,1810
KOVAN,65 - 69 years,1510
LORONG AH SOO,65 - 69 years,2300
LORONG HALUS,65 - 69 years,-
TAI SENG,65 - 69 years,970
TRAFALGAR,65 - 69 years,2880
INTERNATIONAL BUSINESS PARK,65 - 69 years,-
JURONG GATEWAY,65 - 69 years,10
JURONG PORT,65 - 69 years,-
JURONG RIVER,65 - 69 years,-
LAKESIDE (BUSINESS),65 - 69 years,-
LAKESIDE (LEISURE),65 - 69 years,120
PENJURU CRESCENT,65 - 69 years,-
TEBAN GARDENS,65 - 69 years,1410
TOH GUAN,65 - 69 years,1010
YUHUA EAST,65 - 69 years,1960
YUHUA WEST,65 - 69 years,1430
BOON LAY PLACE,65 - 69 years,1500
CHIN BEE,65 - 69 years,-
HONG KAH,65 - 69 years,3900
JURONG WEST CENTRAL,65 - 69 years,3160
KIAN TECK,65 - 69 years,-
SAFTI,65 - 69 years,-
TAMAN JURONG,65 - 69 years,1970
WENYA,65 - 69 years,330
YUNNAN,65 - 69 years,3690
BENDEMEER,65 - 69 years,2500
BOON KENG,65 - 69 years,840
CRAWFORD,65 - 69 years,790
GEYLANG BAHRU,65 - 69 years,810
KALLANG BAHRU,65 - 69 years,-
KAMPONG BUGIS,65 - 69 years,70
KAMPONG JAVA,65 - 69 years,700
LAVENDER,65 - 69 years,640
TANJONG RHU,65 - 69 years,580
LIM CHU KANG,65 - 69 years,10
MANDAI EAST,65 - 69 years,-
MANDAI ESTATE,65 - 69 years,90
MANDAI WEST,65 - 69 years,-
MARINA EAST,65 - 69 years,-
MARINA SOUTH,65 - 69 years,-
EAST COAST,65 - 69 years,-
KATONG,65 - 69 years,500
MARINA EAST (MP),65 - 69 years,-
MARINE PARADE,65 - 69 years,1520
MOUNTBATTEN,65 - 69 years,540
BRAS BASAH,65 - 69 years,-
DHOBY GHAUT,65 - 69 years,10
FORT CANNING,65 - 69 years,10
CAIRNHILL,65 - 69 years,190
GOODWOOD PARK,65 - 69 years,50
ISTANA NEGARA,65 - 69 years,-
MONK'S HILL,65 - 69 years,40
NEWTON CIRCUS,65 - 69 years,10
ORANGE GROVE,65 - 69 years,120
NORTH-EASTERN ISLANDS,65 - 69 years,-
BALESTIER,65 - 69 years,1900
DUNEARN,65 - 69 years,220
MALCOLM,65 - 69 years,160
MOULMEIN,65 - 69 years,370
MOUNT PLEASANT,65 - 69 years,50
BOULEVARD,65 - 69 years,40
SOMERSET,65 - 69 years,-
TANGLIN,65 - 69 years,20
CHINA SQUARE,65 - 69 years,160
CHINATOWN,65 - 69 years,580
PEARL'S HILL,65 - 69 years,600
PEOPLE'S PARK,65 - 69 years,30
FLORA DRIVE,65 - 69 years,670
LOYANG EAST,65 - 69 years,150
LOYANG WEST,65 - 69 years,20
PASIR RIS CENTRAL,65 - 69 years,1340
PASIR RIS DRIVE,65 - 69 years,2930
PASIR RIS PARK,65 - 69 years,180
PASIR RIS WAFER FAB PARK,65 - 69 years,-
PASIR RIS WEST,65 - 69 years,1460
AIRPORT ROAD,65 - 69 years,-
PAYA LEBAR EAST,65 - 69 years,-
PAYA LEBAR NORTH,65 - 69 years,-
PAYA LEBAR WEST,65 - 69 years,-
PLAB,65 - 69 years,-
BENOI SECTOR,65 - 69 years,-
GUL BASIN,65 - 69 years,-
GUL CIRCLE,65 - 69 years,-
JOO KOON,65 - 69 years,-
PIONEER SECTOR,65 - 69 years,-
CONEY ISLAND,65 - 69 years,-
MATILDA,65 - 69 years,1550
NORTHSHORE,65 - 69 years,20
PUNGGOL CANAL,65 - 69 years,-
PUNGGOL FIELD,65 - 69 years,1920
PUNGGOL TOWN CENTRE,65 - 69 years,500
WATERWAY EAST,65 - 69 years,1390
COMMONWEALTH,65 - 69 years,460
DOVER,65 - 69 years,610
GHIM MOH,65 - 69 years,800
HOLLAND DRIVE,65 - 69 years,860
KENT RIDGE,65 - 69 years,-
MARGARET DRIVE,65 - 69 years,740
MEI CHIN,65 - 69 years,1030
NATIONAL UNIVERSITY OF S'PORE,65 - 69 years,-
ONE NORTH,65 - 69 years,20
PASIR PANJANG 1,65 - 69 years,240
PASIR PANJANG 2,65 - 69 years,280
PORT,65 - 69 years,10
QUEENSWAY,65 - 69 years,20
SINGAPORE POLYTECHNIC,65 - 69 years,-
TANGLIN HALT,65 - 69 years,660
INSTITUTION HILL,65 - 69 years,130
LEONIE HILL,65 - 69 years,130
ONE TREE HILL,65 - 69 years,110
OXLEY,65 - 69 years,70
PATERSON,65 - 69 years,10
BENCOOLEN,65 - 69 years,100
FARRER PARK,65 - 69 years,190
KAMPONG GLAM,65 - 69 years,10
LITTLE INDIA,65 - 69 years,260
MACKENZIE,65 - 69 years,-
MOUNT EMILY,65 - 69 years,50
ROCHOR CANAL,65 - 69 years,-
SELEGIE,65 - 69 years,10
SUNGEI ROAD,65 - 69 years,150
VICTORIA,65 - 69 years,140
PULAU PUNGGOL BARAT,65 - 69 years,-
PULAU PUNGGOL TIMOR,65 - 69 years,-
SELETAR,65 - 69 years,10
SELETAR AEROSPACE PARK,65 - 69 years,-
ADMIRALTY,65 - 69 years,560
SEMBAWANG CENTRAL,65 - 69 years,1350
SEMBAWANG EAST,65 - 69 years,410
SEMBAWANG NORTH,65 - 69 years,1130
SEMBAWANG SPRINGS,65 - 69 years,270
SEMBAWANG STRAITS,65 - 69 years,80
SENOKO NORTH,65 - 69 years,-
SENOKO SOUTH,65 - 69 years,-
THE WHARVES,65 - 69 years,-
ANCHORVALE,65 - 69 years,1730
COMPASSVALE,65 - 69 years,740
FERNVALE,65 - 69 years,1910
LORONG HALUS NORTH,65 - 69 years,-
RIVERVALE,65 - 69 years,3030
SENGKANG TOWN CENTRE,65 - 69 years,2660
SENGKANG WEST,65 - 69 years,-
LORONG CHUAN,65 - 69 years,450
SELETAR HILLS,65 - 69 years,970
SERANGOON CENTRAL,65 - 69 years,2000
SERANGOON GARDEN,65 - 69 years,2890
SERANGOON NORTH,65 - 69 years,1000
SERANGOON NORTH IND ESTATE,65 - 69 years,-
UPPER PAYA LEBAR,65 - 69 years,1100
PULAU SELETAR,65 - 69 years,-
SIMPANG NORTH,65 - 69 years,-
SIMPANG SOUTH,65 - 69 years,-
TANJONG IRAU,65 - 69 years,-
BOAT QUAY,65 - 69 years,10
CLARKE QUAY,65 - 69 years,-
ROBERTSON QUAY,65 - 69 years,90
SENTOSA,65 - 69 years,70
SOUTHERN GROUP,65 - 69 years,-
STRAITS VIEW,65 - 69 years,-
GALI BATU,65 - 69 years,-
KRANJI,65 - 69 years,-
PANG SUA,65 - 69 years,-
RESERVOIR VIEW,65 - 69 years,-
TURF CLUB,65 - 69 years,40
SIMEI,65 - 69 years,2450
TAMPINES EAST,65 - 69 years,8630
TAMPINES NORTH,65 - 69 years,250
TAMPINES WEST,65 - 69 years,4930
XILIN,65 - 69 years,110
CHATSWORTH,65 - 69 years,310
NASSIM,65 - 69 years,470
RIDOUT,65 - 69 years,90
TYERSALL,65 - 69 years,220
BRICKLAND,65 - 69 years,-
FOREST HILL,65 - 69 years,-
GARDEN,65 - 69 years,-
PARK,65 - 69 years,-
PLANTATION,65 - 69 years,-
TENGAH INDUSTRIAL ESTATE,65 - 69 years,-
BIDADARI,65 - 69 years,-
BOON TECK,65 - 69 years,980
BRADDELL,65 - 69 years,650
JOO SENG,65 - 69 years,480
KIM KEAT,65 - 69 years,600
LORONG 8 TOA PAYOH,65 - 69 years,530
PEI CHUN,65 - 69 years,660
POTONG PASIR,65 - 69 years,960
SENNETT,65 - 69 years,370
TOA PAYOH CENTRAL,65 - 69 years,1510
TOA PAYOH WEST,65 - 69 years,950
WOODLEIGH,65 - 69 years,140
TENGEH,65 - 69 years,-
TUAS BAY,65 - 69 years,-
TUAS NORTH,65 - 69 years,-
TUAS PROMENADE,65 - 69 years,-
TUAS VIEW,65 - 69 years,-
TUAS VIEW EXTENSION,65 - 69 years,-
JURONG ISLAND AND BUKOM,65 - 69 years,-
SEMAKAU,65 - 69 years,-
SUDONG,65 - 69 years,-
BAHAR,65 - 69 years,-
CLEANTECH,65 - 69 years,-
MURAI,65 - 69 years,10
GREENWOOD PARK,65 - 69 years,-
MIDVIEW,65 - 69 years,1400
NORTH COAST,65 - 69 years,800
SENOKO WEST,65 - 69 years,-
WOODGROVE,65 - 69 years,1500
WOODLANDS EAST,65 - 69 years,3680
WOODLANDS REGIONAL CENTRE,65 - 69 years,-
WOODLANDS SOUTH,65 - 69 years,1510
WOODLANDS WEST,65 - 69 years,1940
KHATIB,65 - 69 years,770
LOWER SELETAR,65 - 69 years,350
NEE SOON,65 - 69 years,50
NORTHLAND,65 - 69 years,1790
SPRINGLEAF,65 - 69 years,290
YISHUN CENTRAL,65 - 69 years,150
YISHUN EAST,65 - 69 years,2590
YISHUN SOUTH,65 - 69 years,2570
YISHUN WEST,65 - 69 years,3580
ANG MO KIO TOWN CENTRE,70 - 74 years,230
CHENG SAN,70 - 74 years,1730
CHONG BOON,70 - 74 years,1800
KEBUN BAHRU,70 - 74 years,1430
SEMBAWANG HILLS,70 - 74 years,370
SHANGRI-LA,70 - 74 years,960
TAGORE,70 - 74 years,380
TOWNSVILLE,70 - 74 years,1420
YIO CHU KANG,70 - 74 years,-
YIO CHU KANG EAST,70 - 74 years,200
YIO CHU KANG NORTH,70 - 74 years,-
YIO CHU KANG WEST,70 - 74 years,1400
BAYSHORE,70 - 74 years,280
BEDOK NORTH,70 - 74 years,4920
BEDOK RESERVOIR,70 - 74 years,1050
BEDOK SOUTH,70 - 74 years,2820
FRANKEL,70 - 74 years,1610
KAKI BUKIT,70 - 74 years,1930
KEMBANGAN,70 - 74 years,2140
SIGLAP,70 - 74 years,480
BISHAN EAST,70 - 74 years,1560
MARYMOUNT,70 - 74 years,1250
UPPER THOMSON,70 - 74 years,1580
LIU FANG,70 - 74 years,-
SAMULUN,70 - 74 years,-
SHIPYARD,70 - 74 years,-
TUKANG,70 - 74 years,-
BRICKWORKS,70 - 74 years,270
BUKIT BATOK CENTRAL,70 - 74 years,1150
BUKIT BATOK EAST,70 - 74 years,640
BUKIT BATOK SOUTH,70 - 74 years,440
BUKIT BATOK WEST,70 - 74 years,640
GOMBAK,70 - 74 years,400
GUILIN,70 - 74 years,470
HILLVIEW,70 - 74 years,680
HONG KAH NORTH,70 - 74 years,1100
ALEXANDRA HILL,70 - 74 years,950
ALEXANDRA NORTH,70 - 74 years,40
BUKIT HO SWEE,70 - 74 years,930
BUKIT MERAH,70 - 74 years,90
CITY TERMINALS,70 - 74 years,-
DEPOT ROAD,70 - 74 years,320
EVERTON PARK,70 - 74 years,500
HENDERSON HILL,70 - 74 years,890
KAMPONG TIONG BAHRU,70 - 74 years,700
MARITIME SQUARE,70 - 74 years,120
REDHILL,70 - 74 years,440
SINGAPORE GENERAL HOSPITAL,70 - 74 years,-
TELOK BLANGAH DRIVE,70 - 74 years,1110
TELOK BLANGAH RISE,70 - 74 years,970
TELOK BLANGAH WAY,70 - 74 years,620
TIONG BAHRU,70 - 74 years,690
TIONG BAHRU STATION,70 - 74 years,780
BANGKIT,70 - 74 years,970
DAIRY FARM,70 - 74 years,210
FAJAR,70 - 74 years,870
JELEBU,70 - 74 years,1230
NATURE RESERVE,70 - 74 years,150
SAUJANA,70 - 74 years,720
SENJA,70 - 74 years,640
ANAK BUKIT,70 - 74 years,1080
CORONATION ROAD,70 - 74 years,280
FARRER COURT,70 - 74 years,260
HILLCREST,70 - 74 years,400
HOLLAND ROAD,70 - 74 years,410
LEEDON PARK,70 - 74 years,360
SWISS CLUB,70 - 74 years,210
ULU PANDAN,70 - 74 years,660
CENTRAL WATER CATCHMENT,70 - 74 years,-
CHANGI AIRPORT,70 - 74 years,-
CHANGI POINT,70 - 74 years,30
CHANGI WEST,70 - 74 years,20
CHANGI BAY,70 - 74 years,-
CHOA CHU KANG CENTRAL,70 - 74 years,650
CHOA CHU KANG NORTH,70 - 74 years,850
KEAT HONG,70 - 74 years,700
PENG SIANG,70 - 74 years,1130
TECK WHYE,70 - 74 years,1040
YEW TEE,70 - 74 years,1010
CLEMENTI CENTRAL,70 - 74 years,910
CLEMENTI NORTH,70 - 74 years,1970
CLEMENTI WEST,70 - 74 years,960
CLEMENTI WOODS,70 - 74 years,1000
FABER,70 - 74 years,160
PANDAN,70 - 74 years,-
SUNSET WAY,70 - 74 years,380
TOH TUCK,70 - 74 years,-
WEST COAST,70 - 74 years,290
ANSON,70 - 74 years,-
BAYFRONT SUBZONE,70 - 74 years,-
BUGIS,70 - 74 years,70
CECIL,70 - 74 years,-
CENTRAL SUBZONE,70 - 74 years,20
CITY HALL,70 - 74 years,-
CLIFFORD PIER,70 - 74 years,-
MARINA CENTRE,70 - 74 years,-
MAXWELL,70 - 74 years,-
NICOLL,70 - 74 years,20
PHILLIP,70 - 74 years,-
RAFFLES PLACE,70 - 74 years,-
TANJONG PAGAR,70 - 74 years,20
ALJUNIED,70 - 74 years,2080
GEYLANG EAST,70 - 74 years,1750
KALLANG WAY,70 - 74 years,-
KAMPONG UBI,70 - 74 years,520
MACPHERSON,70 - 74 years,1340
DEFU INDUSTRIAL PARK,70 - 74 years,-
HOUGANG CENTRAL,70 - 74 years,210
HOUGANG EAST,70 - 74 years,920
HOUGANG WEST,70 - 74 years,2210
KANGKAR,70 - 74 years,1280
KOVAN,70 - 74 years,1120
LORONG AH SOO,70 - 74 years,1810
LORONG HALUS,70 - 74 years,-
TAI SENG,70 - 74 years,670
TRAFALGAR,70 - 74 years,1910
INTERNATIONAL BUSINESS PARK,70 - 74 years,-
JURONG GATEWAY,70 - 74 years,10
JURONG PORT,70 - 74 years,-
JURONG RIVER,70 - 74 years,-
LAKESIDE (BUSINESS),70 - 74 years,-
LAKESIDE (LEISURE),70 - 74 years,110
PENJURU CRESCENT,70 - 74 years,-
TEBAN GARDENS,70 - 74 years,1170
TOH GUAN,70 - 74 years,570
YUHUA EAST,70 - 74 years,1560
YUHUA WEST,70 - 74 years,1010
BOON LAY PLACE,70 - 74 years,1090
CHIN BEE,70 - 74 years,-
HONG KAH,70 - 74 years,2790
JURONG WEST CENTRAL,70 - 74 years,1880
KIAN TECK,70 - 74 years,-
SAFTI,70 - 74 years,-
TAMAN JURONG,70 - 74 years,1330
WENYA,70 - 74 years,220
YUNNAN,70 - 74 years,2340
BENDEMEER,70 - 74 years,1990
BOON KENG,70 - 74 years,710
CRAWFORD,70 - 74 years,730
GEYLANG BAHRU,70 - 74 years,670
KALLANG BAHRU,70 - 74 years,-
KAMPONG BUGIS,70 - 74 years,60
KAMPONG JAVA,70 - 74 years,650
LAVENDER,70 - 74 years,540
TANJONG RHU,70 - 74 years,420
LIM CHU KANG,70 - 74 years,10
MANDAI EAST,70 - 74 years,-
MANDAI ESTATE,70 - 74 years,80
MANDAI WEST,70 - 74 years,-
MARINA EAST,70 - 74 years,-
MARINA SOUTH,70 - 74 years,-
EAST COAST,70 - 74 years,-
KATONG,70 - 74 years,410
MARINA EAST (MP),70 - 74 years,-
MARINE PARADE,70 - 74 years,1550
MOUNTBATTEN,70 - 74 years,520
BRAS BASAH,70 - 74 years,-
DHOBY GHAUT,70 - 74 years,10
FORT CANNING,70 - 74 years,10
CAIRNHILL,70 - 74 years,170
GOODWOOD PARK,70 - 74 years,40
ISTANA NEGARA,70 - 74 years,-
MONK'S HILL,70 - 74 years,40
NEWTON CIRCUS,70 - 74 years,10
ORANGE GROVE,70 - 74 years,100
NORTH-EASTERN ISLANDS,70 - 74 years,-
BALESTIER,70 - 74 years,1640
DUNEARN,70 - 74 years,190
MALCOLM,70 - 74 years,140
MOULMEIN,70 - 74 years,270
MOUNT PLEASANT,70 - 74 years,40
BOULEVARD,70 - 74 years,20
SOMERSET,70 - 74 years,10
TANGLIN,70 - 74 years,20
CHINA SQUARE,70 - 74 years,130
CHINATOWN,70 - 74 years,550
PEARL'S HILL,70 - 74 years,550
PEOPLE'S PARK,70 - 74 years,20
FLORA DRIVE,70 - 74 years,480
LOYANG EAST,70 - 74 years,100
LOYANG WEST,70 - 74 years,20
PASIR RIS CENTRAL,70 - 74 years,830
PASIR RIS DRIVE,70 - 74 years,1880
PASIR RIS PARK,70 - 74 years,120
PASIR RIS WAFER FAB PARK,70 - 74 years,-
PASIR RIS WEST,70 - 74 years,900
AIRPORT ROAD,70 - 74 years,-
PAYA LEBAR EAST,70 - 74 years,-
PAYA LEBAR NORTH,70 - 74 years,-
PAYA LEBAR WEST,70 - 74 years,-
PLAB,70 - 74 years,-
BENOI SECTOR,70 - 74 years,-
GUL BASIN,70 - 74 years,-
GUL CIRCLE,70 - 74 years,-
JOO KOON,70 - 74 years,-
PIONEER SECTOR,70 - 74 years,-
CONEY ISLAND,70 - 74 years,-
MATILDA,70 - 74 years,1120
NORTHSHORE,70 - 74 years,20
PUNGGOL CANAL,70 - 74 years,-
PUNGGOL FIELD,70 - 74 years,1430
PUNGGOL TOWN CENTRE,70 - 74 years,380
WATERWAY EAST,70 - 74 years,1040
COMMONWEALTH,70 - 74 years,440
DOVER,70 - 74 years,620
GHIM MOH,70 - 74 years,910
HOLLAND DRIVE,70 - 74 years,910
KENT RIDGE,70 - 74 years,-
MARGARET DRIVE,70 - 74 years,690
MEI CHIN,70 - 74 years,780
NATIONAL UNIVERSITY OF S'PORE,70 - 74 years,-
ONE NORTH,70 - 74 years,10
PASIR PANJANG 1,70 - 74 years,180
PASIR PANJANG 2,70 - 74 years,160
PORT,70 - 74 years,10
QUEENSWAY,70 - 74 years,20
SINGAPORE POLYTECHNIC,70 - 74 years,-
TANGLIN HALT,70 - 74 years,680
INSTITUTION HILL,70 - 74 years,110
LEONIE HILL,70 - 74 years,110
ONE TREE HILL,70 - 74 years,100
OXLEY,70 - 74 years,80
PATERSON,70 - 74 years,10
BENCOOLEN,70 - 74 years,70
FARRER PARK,70 - 74 years,140
KAMPONG GLAM,70 - 74 years,-
LITTLE INDIA,70 - 74 years,220
MACKENZIE,70 - 74 years,-
MOUNT EMILY,70 - 74 years,30
ROCHOR CANAL,70 - 74 years,-
SELEGIE,70 - 74 years,10
SUNGEI ROAD,70 - 74 years,150
VICTORIA,70 - 74 years,160
PULAU PUNGGOL BARAT,70 - 74 years,-
PULAU PUNGGOL TIMOR,70 - 74 years,-
SELETAR,70 - 74 years,10
SELETAR AEROSPACE PARK,70 - 74 years,-
ADMIRALTY,70 - 74 years,380
SEMBAWANG CENTRAL,70 - 74 years,780
SEMBAWANG EAST,70 - 74 years,260
SEMBAWANG NORTH,70 - 74 years,670
SEMBAWANG SPRINGS,70 - 74 years,210
SEMBAWANG STRAITS,70 - 74 years,70
SENOKO NORTH,70 - 74 years,-
SENOKO SOUTH,70 - 74 years,-
THE WHARVES,70 - 74 years,-
ANCHORVALE,70 - 74 years,1200
COMPASSVALE,70 - 74 years,540
FERNVALE,70 - 74 years,1410
LORONG HALUS NORTH,70 - 74 years,-
RIVERVALE,70 - 74 years,1970
SENGKANG TOWN CENTRE,70 - 74 years,1700
SENGKANG WEST,70 - 74 years,-
LORONG CHUAN,70 - 74 years,340
SELETAR HILLS,70 - 74 years,750
SERANGOON CENTRAL,70 - 74 years,1430
SERANGOON GARDEN,70 - 74 years,2200
SERANGOON NORTH,70 - 74 years,620
SERANGOON NORTH IND ESTATE,70 - 74 years,-
UPPER PAYA LEBAR,70 - 74 years,880
PULAU SELETAR,70 - 74 years,-
SIMPANG NORTH,70 - 74 years,-
SIMPANG SOUTH,70 - 74 years,-
TANJONG IRAU,70 - 74 years,-
BOAT QUAY,70 - 74 years,10
CLARKE QUAY,70 - 74 years,-
ROBERTSON QUAY,70 - 74 years,80
SENTOSA,70 - 74 years,30
SOUTHERN GROUP,70 - 74 years,-
STRAITS VIEW,70 - 74 years,-
GALI BATU,70 - 74 years,-
KRANJI,70 - 74 years,-
PANG SUA,70 - 74 years,-
RESERVOIR VIEW,70 - 74 years,-
TURF CLUB,70 - 74 years,40
SIMEI,70 - 74 years,1660
TAMPINES EAST,70 - 74 years,5510
TAMPINES NORTH,70 - 74 years,220
TAMPINES WEST,70 - 74 years,3090
XILIN,70 - 74 years,60
CHATSWORTH,70 - 74 years,280
NASSIM,70 - 74 years,400
RIDOUT,70 - 74 years,80
TYERSALL,70 - 74 years,160
BRICKLAND,70 - 74 years,-
FOREST HILL,70 - 74 years,-
GARDEN,70 - 74 years,-
PARK,70 - 74 years,-
PLANTATION,70 - 74 years,-
TENGAH INDUSTRIAL ESTATE,70 - 74 years,-
BIDADARI,70 - 74 years,-
BOON TECK,70 - 74 years,830
BRADDELL,70 - 74 years,530
JOO SENG,70 - 74 years,400
KIM KEAT,70 - 74 years,510
LORONG 8 TOA PAYOH,70 - 74 years,480
PEI CHUN,70 - 74 years,610
POTONG PASIR,70 - 74 years,780
SENNETT,70 - 74 years,320
TOA PAYOH CENTRAL,70 - 74 years,1320
TOA PAYOH WEST,70 - 74 years,910
WOODLEIGH,70 - 74 years,90
TENGEH,70 - 74 years,-
TUAS BAY,70 - 74 years,-
TUAS NORTH,70 - 74 years,-
TUAS PROMENADE,70 - 74 years,-
TUAS VIEW,70 - 74 years,-
TUAS VIEW EXTENSION,70 - 74 years,-
JURONG ISLAND AND BUKOM,70 - 74 years,-
SEMAKAU,70 - 74 years,-
SUDONG,70 - 74 years,-
BAHAR,70 - 74 years,-
CLEANTECH,70 - 74 years,-
MURAI,70 - 74 years,-
GREENWOOD PARK,70 - 74 years,-
MIDVIEW,70 - 74 years,830
NORTH COAST,70 - 74 years,670
SENOKO WEST,70 - 74 years,-
WOODGROVE,70 - 74 years,920
WOODLANDS EAST,70 - 74 years,2220
WOODLANDS REGIONAL CENTRE,70 - 74 years,-
WOODLANDS SOUTH,70 - 74 years,1000
WOODLANDS WEST,70 - 74 years,1340
KHATIB,70 - 74 years,510
LOWER SELETAR,70 - 74 years,260
NEE SOON,70 - 74 years,40
NORTHLAND,70 - 74 years,1140
SPRINGLEAF,70 - 74 years,240
YISHUN CENTRAL,70 - 74 years,80
YISHUN EAST,70 - 74 years,1670
YISHUN SOUTH,70 - 74 years,1740
YISHUN WEST,70 - 74 years,2320
ANG MO KIO TOWN CENTRE,75 - 79 years,140
CHENG SAN,75 - 79 years,960
CHONG BOON,75 - 79 years,1130
KEBUN BAHRU,75 - 79 years,840
SEMBAWANG HILLS,75 - 79 years,230
SHANGRI-LA,75 - 79 years,620
TAGORE,75 - 79 years,210
TOWNSVILLE,75 - 79 years,880
YIO CHU KANG,75 - 79 years,-
YIO CHU KANG EAST,75 - 79 years,110
YIO CHU KANG NORTH,75 - 79 years,-
YIO CHU KANG WEST,75 - 79 years,640
BAYSHORE,75 - 79 years,130
BEDOK NORTH,75 - 79 years,2550
BEDOK RESERVOIR,75 - 79 years,470
BEDOK SOUTH,75 - 79 years,1650
FRANKEL,75 - 79 years,840
KAKI BUKIT,75 - 79 years,820
KEMBANGAN,75 - 79 years,1250
SIGLAP,75 - 79 years,310
BISHAN EAST,75 - 79 years,820
MARYMOUNT,75 - 79 years,650
UPPER THOMSON,75 - 79 years,970
LIU FANG,75 - 79 years,-
SAMULUN,75 - 79 years,-
SHIPYARD,75 - 79 years,-
TUKANG,75 - 79 years,-
BRICKWORKS,75 - 79 years,140
BUKIT BATOK CENTRAL,75 - 79 years,570
BUKIT BATOK EAST,75 - 79 years,280
BUKIT BATOK SOUTH,75 - 79 years,170
BUKIT BATOK WEST,75 - 79 years,310
GOMBAK,75 - 79 years,240
GUILIN,75 - 79 years,270
HILLVIEW,75 - 79 years,360
HONG KAH NORTH,75 - 79 years,540
ALEXANDRA HILL,75 - 79 years,540
ALEXANDRA NORTH,75 - 79 years,30
BUKIT HO SWEE,75 - 79 years,630
BUKIT MERAH,75 - 79 years,50
CITY TERMINALS,75 - 79 years,-
DEPOT ROAD,75 - 79 years,190
EVERTON PARK,75 - 79 years,310
HENDERSON HILL,75 - 79 years,550
KAMPONG TIONG BAHRU,75 - 79 years,420
MARITIME SQUARE,75 - 79 years,70
REDHILL,75 - 79 years,270
SINGAPORE GENERAL HOSPITAL,75 - 79 years,-
TELOK BLANGAH DRIVE,75 - 79 years,660
TELOK BLANGAH RISE,75 - 79 years,580
TELOK BLANGAH WAY,75 - 79 years,420
TIONG BAHRU,75 - 79 years,440
TIONG BAHRU STATION,75 - 79 years,480
BANGKIT,75 - 79 years,580
DAIRY FARM,75 - 79 years,90
FAJAR,75 - 79 years,470
JELEBU,75 - 79 years,620
NATURE RESERVE,75 - 79 years,60
SAUJANA,75 - 79 years,290
SENJA,75 - 79 years,290
ANAK BUKIT,75 - 79 years,650
CORONATION ROAD,75 - 79 years,220
FARRER COURT,75 - 79 years,140
HILLCREST,75 - 79 years,260
HOLLAND ROAD,75 - 79 years,260
LEEDON PARK,75 - 79 years,180
SWISS CLUB,75 - 79 years,150
ULU PANDAN,75 - 79 years,310
CENTRAL WATER CATCHMENT,75 - 79 years,-
CHANGI AIRPORT,75 - 79 years,-
CHANGI POINT,75 - 79 years,20
CHANGI WEST,75 - 79 years,10
CHANGI BAY,75 - 79 years,-
CHOA CHU KANG CENTRAL,75 - 79 years,340
CHOA CHU KANG NORTH,75 - 79 years,430
KEAT HONG,75 - 79 years,330
PENG SIANG,75 - 79 years,450
TECK WHYE,75 - 79 years,620
YEW TEE,75 - 79 years,510
CLEMENTI CENTRAL,75 - 79 years,510
CLEMENTI NORTH,75 - 79 years,1030
CLEMENTI WEST,75 - 79 years,470
CLEMENTI WOODS,75 - 79 years,530
FABER,75 - 79 years,110
PANDAN,75 - 79 years,-
SUNSET WAY,75 - 79 years,200
TOH TUCK,75 - 79 years,-
WEST COAST,75 - 79 years,130
ANSON,75 - 79 years,-
BAYFRONT SUBZONE,75 - 79 years,-
BUGIS,75 - 79 years,30
CECIL,75 - 79 years,-
CENTRAL SUBZONE,75 - 79 years,10
CITY HALL,75 - 79 years,-
CLIFFORD PIER,75 - 79 years,-
MARINA CENTRE,75 - 79 years,-
MAXWELL,75 - 79 years,-
NICOLL,75 - 79 years,-
PHILLIP,75 - 79 years,-
RAFFLES PLACE,75 - 79 years,-
TANJONG PAGAR,75 - 79 years,10
ALJUNIED,75 - 79 years,1170
GEYLANG EAST,75 - 79 years,900
KALLANG WAY,75 - 79 years,-
KAMPONG UBI,75 - 79 years,260
MACPHERSON,75 - 79 years,900
DEFU INDUSTRIAL PARK,75 - 79 years,-
HOUGANG CENTRAL,75 - 79 years,110
HOUGANG EAST,75 - 79 years,480
HOUGANG WEST,75 - 79 years,1090
KANGKAR,75 - 79 years,740
KOVAN,75 - 79 years,590
LORONG AH SOO,75 - 79 years,980
LORONG HALUS,75 - 79 years,-
TAI SENG,75 - 79 years,420
TRAFALGAR,75 - 79 years,880
INTERNATIONAL BUSINESS PARK,75 - 79 years,-
JURONG GATEWAY,75 - 79 years,10
JURONG PORT,75 - 79 years,-
JURONG RIVER,75 - 79 years,-
LAKESIDE (BUSINESS),75 - 79 years,-
LAKESIDE (LEISURE),75 - 79 years,80
PENJURU CRESCENT,75 - 79 years,-
TEBAN GARDENS,75 - 79 years,530
TOH GUAN,75 - 79 years,240
YUHUA EAST,75 - 79 years,720
YUHUA WEST,75 - 79 years,480
BOON LAY PLACE,75 - 79 years,590
CHIN BEE,75 - 79 years,-
HONG KAH,75 - 79 years,1330
JURONG WEST CENTRAL,75 - 79 years,770
KIAN TECK,75 - 79 years,-
SAFTI,75 - 79 years,-
TAMAN JURONG,75 - 79 years,660
WENYA,75 - 79 years,120
YUNNAN,75 - 79 years,1080
BENDEMEER,75 - 79 years,1220
BOON KENG,75 - 79 years,410
CRAWFORD,75 - 79 years,440
GEYLANG BAHRU,75 - 79 years,430
KALLANG BAHRU,75 - 79 years,-
KAMPONG BUGIS,75 - 79 years,20
KAMPONG JAVA,75 - 79 years,350
LAVENDER,75 - 79 years,290
TANJONG RHU,75 - 79 years,270
LIM CHU KANG,75 - 79 years,-
MANDAI EAST,75 - 79 years,-
MANDAI ESTATE,75 - 79 years,40
MANDAI WEST,75 - 79 years,-
MARINA EAST,75 - 79 years,-
MARINA SOUTH,75 - 79 years,-
EAST COAST,75 - 79 years,-
KATONG,75 - 79 years,250
MARINA EAST (MP),75 - 79 years,-
MARINE PARADE,75 - 79 years,1050
MOUNTBATTEN,75 - 79 years,250
BRAS BASAH,75 - 79 years,-
DHOBY GHAUT,75 - 79 years,-
FORT CANNING,75 - 79 years,-
CAIRNHILL,75 - 79 years,70
GOODWOOD PARK,75 - 79 years,20
ISTANA NEGARA,75 - 79 years,-
MONK'S HILL,75 - 79 years,30
NEWTON CIRCUS,75 - 79 years,-
ORANGE GROVE,75 - 79 years,40
NORTH-EASTERN ISLANDS,75 - 79 years,-
BALESTIER,75 - 79 years,1010
DUNEARN,75 - 79 years,140
MALCOLM,75 - 79 years,90
MOULMEIN,75 - 79 years,160
MOUNT PLEASANT,75 - 79 years,20
BOULEVARD,75 - 79 years,10
SOMERSET,75 - 79 years,-
TANGLIN,75 - 79 years,10
CHINA SQUARE,75 - 79 years,60
CHINATOWN,75 - 79 years,320
PEARL'S HILL,75 - 79 years,330
PEOPLE'S PARK,75 - 79 years,10
FLORA DRIVE,75 - 79 years,260
LOYANG EAST,75 - 79 years,50
LOYANG WEST,75 - 79 years,30
PASIR RIS CENTRAL,75 - 79 years,450
PASIR RIS DRIVE,75 - 79 years,900
PASIR RIS PARK,75 - 79 years,60
PASIR RIS WAFER FAB PARK,75 - 79 years,-
PASIR RIS WEST,75 - 79 years,500
AIRPORT ROAD,75 - 79 years,-
PAYA LEBAR EAST,75 - 79 years,-
PAYA LEBAR NORTH,75 - 79 years,-
PAYA LEBAR WEST,75 - 79 years,-
PLAB,75 - 79 years,-
BENOI SECTOR,75 - 79 years,-
GUL BASIN,75 - 79 years,-
GUL CIRCLE,75 - 79 years,-
JOO KOON,75 - 79 years,-
PIONEER SECTOR,75 - 79 years,-
CONEY ISLAND,75 - 79 years,-
MATILDA,75 - 79 years,540
NORTHSHORE,75 - 79 years,10
PUNGGOL CANAL,75 - 79 years,-
PUNGGOL FIELD,75 - 79 years,680
PUNGGOL TOWN CENTRE,75 - 79 years,170
WATERWAY EAST,75 - 79 years,500
COMMONWEALTH,75 - 79 years,320
DOVER,75 - 79 years,370
GHIM MOH,75 - 79 years,590
HOLLAND DRIVE,75 - 79 years,670
KENT RIDGE,75 - 79 years,-
MARGARET DRIVE,75 - 79 years,380
MEI CHIN,75 - 79 years,510
NATIONAL UNIVERSITY OF S'PORE,75 - 79 years,-
ONE NORTH,75 - 79 years,-
PASIR PANJANG 1,75 - 79 years,80
PASIR PANJANG 2,75 - 79 years,70
PORT,75 - 79 years,-
QUEENSWAY,75 - 79 years,10
SINGAPORE POLYTECHNIC,75 - 79 years,-
TANGLIN HALT,75 - 79 years,470
INSTITUTION HILL,75 - 79 years,40
LEONIE HILL,75 - 79 years,50
ONE TREE HILL,75 - 79 years,70
OXLEY,75 - 79 years,50
PATERSON,75 - 79 years,-
BENCOOLEN,75 - 79 years,40
FARRER PARK,75 - 79 years,80
KAMPONG GLAM,75 - 79 years,-
LITTLE INDIA,75 - 79 years,140
MACKENZIE,75 - 79 years,-
MOUNT EMILY,75 - 79 years,10
ROCHOR CANAL,75 - 79 years,-
SELEGIE,75 - 79 years,10
SUNGEI ROAD,75 - 79 years,100
VICTORIA,75 - 79 years,100
PULAU PUNGGOL BARAT,75 - 79 years,-
PULAU PUNGGOL TIMOR,75 - 79 years,-
SELETAR,75 - 79 years,-
SELETAR AEROSPACE PARK,75 - 79 years,-
ADMIRALTY,75 - 79 years,230
SEMBAWANG CENTRAL,75 - 79 years,440
SEMBAWANG EAST,75 - 79 years,140
SEMBAWANG NORTH,75 - 79 years,340
SEMBAWANG SPRINGS,75 - 79 years,140
SEMBAWANG STRAITS,75 - 79 years,40
SENOKO NORTH,75 - 79 years,-
SENOKO SOUTH,75 - 79 years,-
THE WHARVES,75 - 79 years,-
ANCHORVALE,75 - 79 years,610
COMPASSVALE,75 - 79 years,280
FERNVALE,75 - 79 years,750
LORONG HALUS NORTH,75 - 79 years,-
RIVERVALE,75 - 79 years,880
SENGKANG TOWN CENTRE,75 - 79 years,870
SENGKANG WEST,75 - 79 years,-
LORONG CHUAN,75 - 79 years,170
SELETAR HILLS,75 - 79 years,430
SERANGOON CENTRAL,75 - 79 years,700
SERANGOON GARDEN,75 - 79 years,1200
SERANGOON NORTH,75 - 79 years,300
SERANGOON NORTH IND ESTATE,75 - 79 years,-
UPPER PAYA LEBAR,75 - 79 years,440
PULAU SELETAR,75 - 79 years,-
SIMPANG NORTH,75 - 79 years,-
SIMPANG SOUTH,75 - 79 years,-
TANJONG IRAU,75 - 79 years,-
BOAT QUAY,75 - 79 years,10
CLARKE QUAY,75 - 79 years,-
ROBERTSON QUAY,75 - 79 years,50
SENTOSA,75 - 79 years,20
SOUTHERN GROUP,75 - 79 years,-
STRAITS VIEW,75 - 79 years,-
GALI BATU,75 - 79 years,-
KRANJI,75 - 79 years,-
PANG SUA,75 - 79 years,-
RESERVOIR VIEW,75 - 79 years,-
TURF CLUB,75 - 79 years,20
SIMEI,75 - 79 years,720
TAMPINES EAST,75 - 79 years,2570
TAMPINES NORTH,75 - 79 years,80
TAMPINES WEST,75 - 79 years,1420
XILIN,75 - 79 years,20
CHATSWORTH,75 - 79 years,170
NASSIM,75 - 79 years,200
RIDOUT,75 - 79 years,40
TYERSALL,75 - 79 years,110
BRICKLAND,75 - 79 years,-
FOREST HILL,75 - 79 years,-
GARDEN,75 - 79 years,-
PARK,75 - 79 years,-
PLANTATION,75 - 79 years,-
TENGAH INDUSTRIAL ESTATE,75 - 79 years,-
BIDADARI,75 - 79 years,-
BOON TECK,75 - 79 years,600
BRADDELL,75 - 79 years,360
JOO SENG,75 - 79 years,220
KIM KEAT,75 - 79 years,300
LORONG 8 TOA PAYOH,75 - 79 years,350
PEI CHUN,75 - 79 years,440
POTONG PASIR,75 - 79 years,390
SENNETT,75 - 79 years,180
TOA PAYOH CENTRAL,75 - 79 years,900
TOA PAYOH WEST,75 - 79 years,610
WOODLEIGH,75 - 79 years,30
TENGEH,75 - 79 years,-
TUAS BAY,75 - 79 years,-
TUAS NORTH,75 - 79 years,-
TUAS PROMENADE,75 - 79 years,-
TUAS VIEW,75 - 79 years,-
TUAS VIEW EXTENSION,75 - 79 years,-
JURONG ISLAND AND BUKOM,75 - 79 years,-
SEMAKAU,75 - 79 years,-
SUDONG,75 - 79 years,-
BAHAR,75 - 79 years,-
CLEANTECH,75 - 79 years,-
MURAI,75 - 79 years,-
GREENWOOD PARK,75 - 79 years,-
MIDVIEW,75 - 79 years,470
NORTH COAST,75 - 79 years,340
SENOKO WEST,75 - 79 years,-
WOODGROVE,75 - 79 years,480
WOODLANDS EAST,75 - 79 years,1030
WOODLANDS REGIONAL CENTRE,75 - 79 years,-
WOODLANDS SOUTH,75 - 79 years,480
WOODLANDS WEST,75 - 79 years,730
KHATIB,75 - 79 years,250
LOWER SELETAR,75 - 79 years,120
NEE SOON,75 - 79 years,30
NORTHLAND,75 - 79 years,540
SPRINGLEAF,75 - 79 years,120
YISHUN CENTRAL,75 - 79 years,50
YISHUN EAST,75 - 79 years,730
YISHUN SOUTH,75 - 79 years,830
YISHUN WEST,75 - 79 years,1280
ANG MO KIO TOWN CENTRE,80 - 84 years,100
CHENG SAN,80 - 84 years,640
CHONG BOON,80 - 84 years,780
KEBUN BAHRU,80 - 84 years,620
SEMBAWANG HILLS,80 - 84 years,150
SHANGRI-LA,80 - 84 years,430
TAGORE,80 - 84 years,190
TOWNSVILLE,80 - 84 years,680
YIO CHU KANG,80 - 84 years,-
YIO CHU KANG EAST,80 - 84 years,80
YIO CHU KANG NORTH,80 - 84 years,-
YIO CHU KANG WEST,80 - 84 years,480
BAYSHORE,80 - 84 years,90
BEDOK NORTH,80 - 84 years,1740
BEDOK RESERVOIR,80 - 84 years,310
BEDOK SOUTH,80 - 84 years,1230
FRANKEL,80 - 84 years,750
KAKI BUKIT,80 - 84 years,580
KEMBANGAN,80 - 84 years,860
SIGLAP,80 - 84 years,250
BISHAN EAST,80 - 84 years,590
MARYMOUNT,80 - 84 years,450
UPPER THOMSON,80 - 84 years,720
LIU FANG,80 - 84 years,-
SAMULUN,80 - 84 years,-
SHIPYARD,80 - 84 years,-
TUKANG,80 - 84 years,-
BRICKWORKS,80 - 84 years,90
BUKIT BATOK CENTRAL,80 - 84 years,400
BUKIT BATOK EAST,80 - 84 years,200
BUKIT BATOK SOUTH,80 - 84 years,140
BUKIT BATOK WEST,80 - 84 years,200
GOMBAK,80 - 84 years,170
GUILIN,80 - 84 years,200
HILLVIEW,80 - 84 years,220
HONG KAH NORTH,80 - 84 years,340
ALEXANDRA HILL,80 - 84 years,410
ALEXANDRA NORTH,80 - 84 years,20
BUKIT HO SWEE,80 - 84 years,490
BUKIT MERAH,80 - 84 years,30
CITY TERMINALS,80 - 84 years,-
DEPOT ROAD,80 - 84 years,120
EVERTON PARK,80 - 84 years,250
HENDERSON HILL,80 - 84 years,500
KAMPONG TIONG BAHRU,80 - 84 years,360
MARITIME SQUARE,80 - 84 years,70
REDHILL,80 - 84 years,230
SINGAPORE GENERAL HOSPITAL,80 - 84 years,-
TELOK BLANGAH DRIVE,80 - 84 years,480
TELOK BLANGAH RISE,80 - 84 years,360
TELOK BLANGAH WAY,80 - 84 years,310
TIONG BAHRU,80 - 84 years,340
TIONG BAHRU STATION,80 - 84 years,440
BANGKIT,80 - 84 years,390
DAIRY FARM,80 - 84 years,70
FAJAR,80 - 84 years,310
JELEBU,80 - 84 years,460
NATURE RESERVE,80 - 84 years,60
SAUJANA,80 - 84 years,200
SENJA,80 - 84 years,190
ANAK BUKIT,80 - 84 years,470
CORONATION ROAD,80 - 84 years,150
FARRER COURT,80 - 84 years,110
HILLCREST,80 - 84 years,210
HOLLAND ROAD,80 - 84 years,200
LEEDON PARK,80 - 84 years,110
SWISS CLUB,80 - 84 years,120
ULU PANDAN,80 - 84 years,230
CENTRAL WATER CATCHMENT,80 - 84 years,-
CHANGI AIRPORT,80 - 84 years,-
CHANGI POINT,80 - 84 years,10
CHANGI WEST,80 - 84 years,-
CHANGI BAY,80 - 84 years,-
CHOA CHU KANG CENTRAL,80 - 84 years,220
CHOA CHU KANG NORTH,80 - 84 years,330
KEAT HONG,80 - 84 years,240
PENG SIANG,80 - 84 years,310
TECK WHYE,80 - 84 years,400
YEW TEE,80 - 84 years,350
CLEMENTI CENTRAL,80 - 84 years,340
CLEMENTI NORTH,80 - 84 years,820
CLEMENTI WEST,80 - 84 years,310
CLEMENTI WOODS,80 - 84 years,380
FABER,80 - 84 years,60
PANDAN,80 - 84 years,-
SUNSET WAY,80 - 84 years,150
TOH TUCK,80 - 84 years,-
WEST COAST,80 - 84 years,90
ANSON,80 - 84 years,-
BAYFRONT SUBZONE,80 - 84 years,-
BUGIS,80 - 84 years,30
CECIL,80 - 84 years,-
CENTRAL SUBZONE,80 - 84 years,-
CITY HALL,80 - 84 years,-
CLIFFORD PIER,80 - 84 years,-
MARINA CENTRE,80 - 84 years,-
MAXWELL,80 - 84 years,-
NICOLL,80 - 84 years,-
PHILLIP,80 - 84 years,-
RAFFLES PLACE,80 - 84 years,-
TANJONG PAGAR,80 - 84 years,10
ALJUNIED,80 - 84 years,980
GEYLANG EAST,80 - 84 years,680
KALLANG WAY,80 - 84 years,-
KAMPONG UBI,80 - 84 years,130
MACPHERSON,80 - 84 years,780
DEFU INDUSTRIAL PARK,80 - 84 years,-
HOUGANG CENTRAL,80 - 84 years,90
HOUGANG EAST,80 - 84 years,280
HOUGANG WEST,80 - 84 years,730
KANGKAR,80 - 84 years,540
KOVAN,80 - 84 years,450
LORONG AH SOO,80 - 84 years,750
LORONG HALUS,80 - 84 years,-
TAI SENG,80 - 84 years,350
TRAFALGAR,80 - 84 years,600
INTERNATIONAL BUSINESS PARK,80 - 84 years,-
JURONG GATEWAY,80 - 84 years,-
JURONG PORT,80 - 84 years,-
JURONG RIVER,80 - 84 years,-
LAKESIDE (BUSINESS),80 - 84 years,-
LAKESIDE (LEISURE),80 - 84 years,60
PENJURU CRESCENT,80 - 84 years,-
TEBAN GARDENS,80 - 84 years,330
TOH GUAN,80 - 84 years,170
YUHUA EAST,80 - 84 years,510
YUHUA WEST,80 - 84 years,340
BOON LAY PLACE,80 - 84 years,390
CHIN BEE,80 - 84 years,-
HONG KAH,80 - 84 years,800
JURONG WEST CENTRAL,80 - 84 years,490
KIAN TECK,80 - 84 years,-
SAFTI,80 - 84 years,-
TAMAN JURONG,80 - 84 years,410
WENYA,80 - 84 years,80
YUNNAN,80 - 84 years,650
BENDEMEER,80 - 84 years,940
BOON KENG,80 - 84 years,370
CRAWFORD,80 - 84 years,350
GEYLANG BAHRU,80 - 84 years,360
KALLANG BAHRU,80 - 84 years,-
KAMPONG BUGIS,80 - 84 years,10
KAMPONG JAVA,80 - 84 years,300
LAVENDER,80 - 84 years,250
TANJONG RHU,80 - 84 years,180
LIM CHU KANG,80 - 84 years,-
MANDAI EAST,80 - 84 years,-
MANDAI ESTATE,80 - 84 years,30
MANDAI WEST,80 - 84 years,-
MARINA EAST,80 - 84 years,-
MARINA SOUTH,80 - 84 years,-
EAST COAST,80 - 84 years,-
KATONG,80 - 84 years,210
MARINA EAST (MP),80 - 84 years,-
MARINE PARADE,80 - 84 years,960
MOUNTBATTEN,80 - 84 years,170
BRAS BASAH,80 - 84 years,-
DHOBY GHAUT,80 - 84 years,-
FORT CANNING,80 - 84 years,-
CAIRNHILL,80 - 84 years,60
GOODWOOD PARK,80 - 84 years,20
ISTANA NEGARA,80 - 84 years,-
MONK'S HILL,80 - 84 years,20
NEWTON CIRCUS,80 - 84 years,-
ORANGE GROVE,80 - 84 years,30
NORTH-EASTERN ISLANDS,80 - 84 years,-
BALESTIER,80 - 84 years,850
DUNEARN,80 - 84 years,100
MALCOLM,80 - 84 years,60
MOULMEIN,80 - 84 years,120
MOUNT PLEASANT,80 - 84 years,10
BOULEVARD,80 - 84 years,10
SOMERSET,80 - 84 years,-
TANGLIN,80 - 84 years,10
CHINA SQUARE,80 - 84 years,60
CHINATOWN,80 - 84 years,290
PEARL'S HILL,80 - 84 years,300
PEOPLE'S PARK,80 - 84 years,10
FLORA DRIVE,80 - 84 years,210
LOYANG EAST,80 - 84 years,30
LOYANG WEST,80 - 84 years,50
PASIR RIS CENTRAL,80 - 84 years,310
PASIR RIS DRIVE,80 - 84 years,640
PASIR RIS PARK,80 - 84 years,30
PASIR RIS WAFER FAB PARK,80 - 84 years,-
PASIR RIS WEST,80 - 84 years,350
AIRPORT ROAD,80 - 84 years,-
PAYA LEBAR EAST,80 - 84 years,-
PAYA LEBAR NORTH,80 - 84 years,-
PAYA LEBAR WEST,80 - 84 years,-
PLAB,80 - 84 years,-
BENOI SECTOR,80 - 84 years,-
GUL BASIN,80 - 84 years,-
GUL CIRCLE,80 - 84 years,-
JOO KOON,80 - 84 years,-
PIONEER SECTOR,80 - 84 years,-
CONEY ISLAND,80 - 84 years,-
MATILDA,80 - 84 years,320
NORTHSHORE,80 - 84 years,10
PUNGGOL CANAL,80 - 84 years,-
PUNGGOL FIELD,80 - 84 years,470
PUNGGOL TOWN CENTRE,80 - 84 years,130
WATERWAY EAST,80 - 84 years,270
COMMONWEALTH,80 - 84 years,300
DOVER,80 - 84 years,310
GHIM MOH,80 - 84 years,470
HOLLAND DRIVE,80 - 84 years,570
KENT RIDGE,80 - 84 years,-
MARGARET DRIVE,80 - 84 years,330
MEI CHIN,80 - 84 years,480
NATIONAL UNIVERSITY OF S'PORE,80 - 84 years,-
ONE NORTH,80 - 84 years,-
PASIR PANJANG 1,80 - 84 years,60
PASIR PANJANG 2,80 - 84 years,50
PORT,80 - 84 years,-
QUEENSWAY,80 - 84 years,-
SINGAPORE POLYTECHNIC,80 - 84 years,-
TANGLIN HALT,80 - 84 years,420
INSTITUTION HILL,80 - 84 years,30
LEONIE HILL,80 - 84 years,30
ONE TREE HILL,80 - 84 years,40
OXLEY,80 - 84 years,30
PATERSON,80 - 84 years,-
BENCOOLEN,80 - 84 years,30
FARRER PARK,80 - 84 years,50
KAMPONG GLAM,80 - 84 years,-
LITTLE INDIA,80 - 84 years,100
MACKENZIE,80 - 84 years,-
MOUNT EMILY,80 - 84 years,10
ROCHOR CANAL,80 - 84 years,-
SELEGIE,80 - 84 years,10
SUNGEI ROAD,80 - 84 years,70
VICTORIA,80 - 84 years,80
PULAU PUNGGOL BARAT,80 - 84 years,-
PULAU PUNGGOL TIMOR,80 - 84 years,-
SELETAR,80 - 84 years,10
SELETAR AEROSPACE PARK,80 - 84 years,-
ADMIRALTY,80 - 84 years,150
SEMBAWANG CENTRAL,80 - 84 years,310
SEMBAWANG EAST,80 - 84 years,80
SEMBAWANG NORTH,80 - 84 years,220
SEMBAWANG SPRINGS,80 - 84 years,120
SEMBAWANG STRAITS,80 - 84 years,20
SENOKO NORTH,80 - 84 years,-
SENOKO SOUTH,80 - 84 years,-
THE WHARVES,80 - 84 years,-
ANCHORVALE,80 - 84 years,330
COMPASSVALE,80 - 84 years,180
FERNVALE,80 - 84 years,500
LORONG HALUS NORTH,80 - 84 years,-
RIVERVALE,80 - 84 years,570
SENGKANG TOWN CENTRE,80 - 84 years,590
SENGKANG WEST,80 - 84 years,-
LORONG CHUAN,80 - 84 years,180
SELETAR HILLS,80 - 84 years,320
SERANGOON CENTRAL,80 - 84 years,550
SERANGOON GARDEN,80 - 84 years,910
SERANGOON NORTH,80 - 84 years,200
SERANGOON NORTH IND ESTATE,80 - 84 years,-
UPPER PAYA LEBAR,80 - 84 years,310
PULAU SELETAR,80 - 84 years,-
SIMPANG NORTH,80 - 84 years,-
SIMPANG SOUTH,80 - 84 years,-
TANJONG IRAU,80 - 84 years,-
BOAT QUAY,80 - 84 years,10
CLARKE QUAY,80 - 84 years,-
ROBERTSON QUAY,80 - 84 years,30
SENTOSA,80 - 84 years,10
SOUTHERN GROUP,80 - 84 years,-
STRAITS VIEW,80 - 84 years,-
GALI BATU,80 - 84 years,-
KRANJI,80 - 84 years,-
PANG SUA,80 - 84 years,-
RESERVOIR VIEW,80 - 84 years,-
TURF CLUB,80 - 84 years,30
SIMEI,80 - 84 years,560
TAMPINES EAST,80 - 84 years,1870
TAMPINES NORTH,80 - 84 years,80
TAMPINES WEST,80 - 84 years,970
XILIN,80 - 84 years,20
CHATSWORTH,80 - 84 years,90
NASSIM,80 - 84 years,140
RIDOUT,80 - 84 years,30
TYERSALL,80 - 84 years,80
BRICKLAND,80 - 84 years,-
FOREST HILL,80 - 84 years,-
GARDEN,80 - 84 years,-
PARK,80 - 84 years,-
PLANTATION,80 - 84 years,-
TENGAH INDUSTRIAL ESTATE,80 - 84 years,-
BIDADARI,80 - 84 years,-
BOON TECK,80 - 84 years,530
BRADDELL,80 - 84 years,310
JOO SENG,80 - 84 years,180
KIM KEAT,80 - 84 years,230
LORONG 8 TOA PAYOH,80 - 84 years,280
PEI CHUN,80 - 84 years,350
POTONG PASIR,80 - 84 years,260
SENNETT,80 - 84 years,140
TOA PAYOH CENTRAL,80 - 84 years,760
TOA PAYOH WEST,80 - 84 years,580
WOODLEIGH,80 - 84 years,20
TENGEH,80 - 84 years,-
TUAS BAY,80 - 84 years,-
TUAS NORTH,80 - 84 years,-
TUAS PROMENADE,80 - 84 years,-
TUAS VIEW,80 - 84 years,-
TUAS VIEW EXTENSION,80 - 84 years,-
JURONG ISLAND AND BUKOM,80 - 84 years,-
SEMAKAU,80 - 84 years,-
SUDONG,80 - 84 years,-
BAHAR,80 - 84 years,-
CLEANTECH,80 - 84 years,-
MURAI,80 - 84 years,-
GREENWOOD PARK,80 - 84 years,-
MIDVIEW,80 - 84 years,320
NORTH COAST,80 - 84 years,230
SENOKO WEST,80 - 84 years,-
WOODGROVE,80 - 84 years,340
WOODLANDS EAST,80 - 84 years,720
WOODLANDS REGIONAL CENTRE,80 - 84 years,-
WOODLANDS SOUTH,80 - 84 years,290
WOODLANDS WEST,80 - 84 years,520
KHATIB,80 - 84 years,130
LOWER SELETAR,80 - 84 years,90
NEE SOON,80 - 84 years,10
NORTHLAND,80 - 84 years,370
SPRINGLEAF,80 - 84 years,80
YISHUN CENTRAL,80 - 84 years,30
YISHUN EAST,80 - 84 years,510
YISHUN SOUTH,80 - 84 years,580
YISHUN WEST,80 - 84 years,880
ANG MO KIO TOWN CENTRE,85 - 89 years,40
CHENG SAN,85 - 89 years,350
CHONG BOON,85 - 89 years,430
KEBUN BAHRU,85 - 89 years,340
SEMBAWANG HILLS,85 - 89 years,100
SHANGRI-LA,85 - 89 years,250
TAGORE,85 - 89 years,120
TOWNSVILLE,85 - 89 years,360
YIO CHU KANG,85 - 89 years,-
YIO CHU KANG EAST,85 - 89 years,40
YIO CHU KANG NORTH,85 - 89 years,-
YIO CHU KANG WEST,85 - 89 years,250
BAYSHORE,85 - 89 years,40
BEDOK NORTH,85 - 89 years,970
BEDOK RESERVOIR,85 - 89 years,160
BEDOK SOUTH,85 - 89 years,720
FRANKEL,85 - 89 years,470
KAKI BUKIT,85 - 89 years,260
KEMBANGAN,85 - 89 years,530
SIGLAP,85 - 89 years,140
BISHAN EAST,85 - 89 years,320
MARYMOUNT,85 - 89 years,220
UPPER THOMSON,85 - 89 years,510
LIU FANG,85 - 89 years,-
SAMULUN,85 - 89 years,-
SHIPYARD,85 - 89 years,-
TUKANG,85 - 89 years,-
BRICKWORKS,85 - 89 years,70
BUKIT BATOK CENTRAL,85 - 89 years,200
BUKIT BATOK EAST,85 - 89 years,110
BUKIT BATOK SOUTH,85 - 89 years,70
BUKIT BATOK WEST,85 - 89 years,130
GOMBAK,85 - 89 years,120
GUILIN,85 - 89 years,120
HILLVIEW,85 - 89 years,130
HONG KAH NORTH,85 - 89 years,180
ALEXANDRA HILL,85 - 89 years,280
ALEXANDRA NORTH,85 - 89 years,10
BUKIT HO SWEE,85 - 89 years,270
BUKIT MERAH,85 - 89 years,10
CITY TERMINALS,85 - 89 years,-
DEPOT ROAD,85 - 89 years,60
EVERTON PARK,85 - 89 years,130
HENDERSON HILL,85 - 89 years,280
KAMPONG TIONG BAHRU,85 - 89 years,170
MARITIME SQUARE,85 - 89 years,50
REDHILL,85 - 89 years,120
SINGAPORE GENERAL HOSPITAL,85 - 89 years,-
TELOK BLANGAH DRIVE,85 - 89 years,260
TELOK BLANGAH RISE,85 - 89 years,180
TELOK BLANGAH WAY,85 - 89 years,180
TIONG BAHRU,85 - 89 years,170
TIONG BAHRU STATION,85 - 89 years,230
BANGKIT,85 - 89 years,230
DAIRY FARM,85 - 89 years,30
FAJAR,85 - 89 years,150
JELEBU,85 - 89 years,220
NATURE RESERVE,85 - 89 years,20
SAUJANA,85 - 89 years,120
SENJA,85 - 89 years,120
ANAK BUKIT,85 - 89 years,270
CORONATION ROAD,85 - 89 years,80
FARRER COURT,85 - 89 years,70
HILLCREST,85 - 89 years,130
HOLLAND ROAD,85 - 89 years,100
LEEDON PARK,85 - 89 years,60
SWISS CLUB,85 - 89 years,80
ULU PANDAN,85 - 89 years,130
CENTRAL WATER CATCHMENT,85 - 89 years,-
CHANGI AIRPORT,85 - 89 years,-
CHANGI POINT,85 - 89 years,-
CHANGI WEST,85 - 89 years,10
CHANGI BAY,85 - 89 years,-
CHOA CHU KANG CENTRAL,85 - 89 years,110
CHOA CHU KANG NORTH,85 - 89 years,220
KEAT HONG,85 - 89 years,150
PENG SIANG,85 - 89 years,200
TECK WHYE,85 - 89 years,200
YEW TEE,85 - 89 years,160
CLEMENTI CENTRAL,85 - 89 years,190
CLEMENTI NORTH,85 - 89 years,390
CLEMENTI WEST,85 - 89 years,140
CLEMENTI WOODS,85 - 89 years,170
FABER,85 - 89 years,40
PANDAN,85 - 89 years,-
SUNSET WAY,85 - 89 years,70
TOH TUCK,85 - 89 years,-
WEST COAST,85 - 89 years,40
ANSON,85 - 89 years,-
BAYFRONT SUBZONE,85 - 89 years,-
BUGIS,85 - 89 years,10
CECIL,85 - 89 years,-
CENTRAL SUBZONE,85 - 89 years,-
CITY HALL,85 - 89 years,-
CLIFFORD PIER,85 - 89 years,-
MARINA CENTRE,85 - 89 years,-
MAXWELL,85 - 89 years,-
NICOLL,85 - 89 years,-
PHILLIP,85 - 89 years,-
RAFFLES PLACE,85 - 89 years,-
TANJONG PAGAR,85 - 89 years,-
ALJUNIED,85 - 89 years,580
GEYLANG EAST,85 - 89 years,410
KALLANG WAY,85 - 89 years,-
KAMPONG UBI,85 - 89 years,60
MACPHERSON,85 - 89 years,450
DEFU INDUSTRIAL PARK,85 - 89 years,-
HOUGANG CENTRAL,85 - 89 years,40
HOUGANG EAST,85 - 89 years,150
HOUGANG WEST,85 - 89 years,430
KANGKAR,85 - 89 years,250
KOVAN,85 - 89 years,240
LORONG AH SOO,85 - 89 years,410
LORONG HALUS,85 - 89 years,-
TAI SENG,85 - 89 years,200
TRAFALGAR,85 - 89 years,350
INTERNATIONAL BUSINESS PARK,85 - 89 years,-
JURONG GATEWAY,85 - 89 years,-
JURONG PORT,85 - 89 years,-
JURONG RIVER,85 - 89 years,-
LAKESIDE (BUSINESS),85 - 89 years,-
LAKESIDE (LEISURE),85 - 89 years,30
PENJURU CRESCENT,85 - 89 years,-
TEBAN GARDENS,85 - 89 years,150
TOH GUAN,85 - 89 years,110
YUHUA EAST,85 - 89 years,280
YUHUA WEST,85 - 89 years,170
BOON LAY PLACE,85 - 89 years,170
CHIN BEE,85 - 89 years,-
HONG KAH,85 - 89 years,400
JURONG WEST CENTRAL,85 - 89 years,240
KIAN TECK,85 - 89 years,-
SAFTI,85 - 89 years,-
TAMAN JURONG,85 - 89 years,250
WENYA,85 - 89 years,60
YUNNAN,85 - 89 years,310
BENDEMEER,85 - 89 years,500
BOON KENG,85 - 89 years,210
CRAWFORD,85 - 89 years,180
GEYLANG BAHRU,85 - 89 years,200
KALLANG BAHRU,85 - 89 years,-
KAMPONG BUGIS,85 - 89 years,10
KAMPONG JAVA,85 - 89 years,140
LAVENDER,85 - 89 years,110
TANJONG RHU,85 - 89 years,80
LIM CHU KANG,85 - 89 years,-
MANDAI EAST,85 - 89 years,-
MANDAI ESTATE,85 - 89 years,20
MANDAI WEST,85 - 89 years,-
MARINA EAST,85 - 89 years,-
MARINA SOUTH,85 - 89 years,-
EAST COAST,85 - 89 years,-
KATONG,85 - 89 years,130
MARINA EAST (MP),85 - 89 years,-
MARINE PARADE,85 - 89 years,500
MOUNTBATTEN,85 - 89 years,120
BRAS BASAH,85 - 89 years,-
DHOBY GHAUT,85 - 89 years,-
FORT CANNING,85 - 89 years,-
CAIRNHILL,85 - 89 years,40
GOODWOOD PARK,85 - 89 years,10
ISTANA NEGARA,85 - 89 years,-
MONK'S HILL,85 - 89 years,10
NEWTON CIRCUS,85 - 89 years,-
ORANGE GROVE,85 - 89 years,20
NORTH-EASTERN ISLANDS,85 - 89 years,-
BALESTIER,85 - 89 years,500
DUNEARN,85 - 89 years,70
MALCOLM,85 - 89 years,50
MOULMEIN,85 - 89 years,80
MOUNT PLEASANT,85 - 89 years,10
BOULEVARD,85 - 89 years,-
SOMERSET,85 - 89 years,-
TANGLIN,85 - 89 years,-
CHINA SQUARE,85 - 89 years,30
CHINATOWN,85 - 89 years,160
PEARL'S HILL,85 - 89 years,140
PEOPLE'S PARK,85 - 89 years,10
FLORA DRIVE,85 - 89 years,110
LOYANG EAST,85 - 89 years,20
LOYANG WEST,85 - 89 years,40
PASIR RIS CENTRAL,85 - 89 years,180
PASIR RIS DRIVE,85 - 89 years,360
PASIR RIS PARK,85 - 89 years,20
PASIR RIS WAFER FAB PARK,85 - 89 years,-
PASIR RIS WEST,85 - 89 years,200
AIRPORT ROAD,85 - 89 years,-
PAYA LEBAR EAST,85 - 89 years,-
PAYA LEBAR NORTH,85 - 89 years,-
PAYA LEBAR WEST,85 - 89 years,-
PLAB,85 - 89 years,-
BENOI SECTOR,85 - 89 years,-
GUL BASIN,85 - 89 years,-
GUL CIRCLE,85 - 89 years,-
JOO KOON,85 - 89 years,-
PIONEER SECTOR,85 - 89 years,-
CONEY ISLAND,85 - 89 years,-
MATILDA,85 - 89 years,150
NORTHSHORE,85 - 89 years,10
PUNGGOL CANAL,85 - 89 years,-
PUNGGOL FIELD,85 - 89 years,240
PUNGGOL TOWN CENTRE,85 - 89 years,70
WATERWAY EAST,85 - 89 years,160
COMMONWEALTH,85 - 89 years,200
DOVER,85 - 89 years,130
GHIM MOH,85 - 89 years,290
HOLLAND DRIVE,85 - 89 years,300
KENT RIDGE,85 - 89 years,-
MARGARET DRIVE,85 - 89 years,210
MEI CHIN,85 - 89 years,300
NATIONAL UNIVERSITY OF S'PORE,85 - 89 years,-
ONE NORTH,85 - 89 years,-
PASIR PANJANG 1,85 - 89 years,40
PASIR PANJANG 2,85 - 89 years,10
PORT,85 - 89 years,-
QUEENSWAY,85 - 89 years,-
SINGAPORE POLYTECHNIC,85 - 89 years,-
TANGLIN HALT,85 - 89 years,270
INSTITUTION HILL,85 - 89 years,10
LEONIE HILL,85 - 89 years,20
ONE TREE HILL,85 - 89 years,20
OXLEY,85 - 89 years,10
PATERSON,85 - 89 years,-
BENCOOLEN,85 - 89 years,30
FARRER PARK,85 - 89 years,50
KAMPONG GLAM,85 - 89 years,10
LITTLE INDIA,85 - 89 years,60
MACKENZIE,85 - 89 years,-
MOUNT EMILY,85 - 89 years,10
ROCHOR CANAL,85 - 89 years,-
SELEGIE,85 - 89 years,10
SUNGEI ROAD,85 - 89 years,40
VICTORIA,85 - 89 years,30
PULAU PUNGGOL BARAT,85 - 89 years,-
PULAU PUNGGOL TIMOR,85 - 89 years,-
SELETAR,85 - 89 years,-
SELETAR AEROSPACE PARK,85 - 89 years,-
ADMIRALTY,85 - 89 years,100
SEMBAWANG CENTRAL,85 - 89 years,170
SEMBAWANG EAST,85 - 89 years,50
SEMBAWANG NORTH,85 - 89 years,120
SEMBAWANG SPRINGS,85 - 89 years,70
SEMBAWANG STRAITS,85 - 89 years,10
SENOKO NORTH,85 - 89 years,-
SENOKO SOUTH,85 - 89 years,-
THE WHARVES,85 - 89 years,-
ANCHORVALE,85 - 89 years,160
COMPASSVALE,85 - 89 years,60
FERNVALE,85 - 89 years,290
LORONG HALUS NORTH,85 - 89 years,-
RIVERVALE,85 - 89 years,310
SENGKANG TOWN CENTRE,85 - 89 years,310
SENGKANG WEST,85 - 89 years,-
LORONG CHUAN,85 - 89 years,100
SELETAR HILLS,85 - 89 years,170
SERANGOON CENTRAL,85 - 89 years,260
SERANGOON GARDEN,85 - 89 years,560
SERANGOON NORTH,85 - 89 years,110
SERANGOON NORTH IND ESTATE,85 - 89 years,-
UPPER PAYA LEBAR,85 - 89 years,170
PULAU SELETAR,85 - 89 years,-
SIMPANG NORTH,85 - 89 years,-
SIMPANG SOUTH,85 - 89 years,-
TANJONG IRAU,85 - 89 years,-
BOAT QUAY,85 - 89 years,-
CLARKE QUAY,85 - 89 years,-
ROBERTSON QUAY,85 - 89 years,10
SENTOSA,85 - 89 years,-
SOUTHERN GROUP,85 - 89 years,-
STRAITS VIEW,85 - 89 years,-
GALI BATU,85 - 89 years,-
KRANJI,85 - 89 years,-
PANG SUA,85 - 89 years,-
RESERVOIR VIEW,85 - 89 years,-
TURF CLUB,85 - 89 years,10
SIMEI,85 - 89 years,290
TAMPINES EAST,85 - 89 years,1040
TAMPINES NORTH,85 - 89 years,70
TAMPINES WEST,85 - 89 years,540
XILIN,85 - 89 years,10
CHATSWORTH,85 - 89 years,50
NASSIM,85 - 89 years,80
RIDOUT,85 - 89 years,20
TYERSALL,85 - 89 years,50
BRICKLAND,85 - 89 years,-
FOREST HILL,85 - 89 years,-
GARDEN,85 - 89 years,-
PARK,85 - 89 years,-
PLANTATION,85 - 89 years,-
TENGAH INDUSTRIAL ESTATE,85 - 89 years,-
BIDADARI,85 - 89 years,-
BOON TECK,85 - 89 years,290
BRADDELL,85 - 89 years,160
JOO SENG,85 - 89 years,100
KIM KEAT,85 - 89 years,120
LORONG 8 TOA PAYOH,85 - 89 years,160
PEI CHUN,85 - 89 years,180
POTONG PASIR,85 - 89 years,160
SENNETT,85 - 89 years,90
TOA PAYOH CENTRAL,85 - 89 years,430
TOA PAYOH WEST,85 - 89 years,270
WOODLEIGH,85 - 89 years,20
TENGEH,85 - 89 years,-
TUAS BAY,85 - 89 years,-
TUAS NORTH,85 - 89 years,-
TUAS PROMENADE,85 - 89 years,-
TUAS VIEW,85 - 89 years,-
TUAS VIEW EXTENSION,85 - 89 years,-
JURONG ISLAND AND BUKOM,85 - 89 years,-
SEMAKAU,85 - 89 years,-
SUDONG,85 - 89 years,-
BAHAR,85 - 89 years,-
CLEANTECH,85 - 89 years,-
MURAI,85 - 89 years,-
GREENWOOD PARK,85 - 89 years,-
MIDVIEW,85 - 89 years,160
NORTH COAST,85 - 89 years,120
SENOKO WEST,85 - 89 years,-
WOODGROVE,85 - 89 years,190
WOODLANDS EAST,85 - 89 years,380
WOODLANDS REGIONAL CENTRE,85 - 89 years,-
WOODLANDS SOUTH,85 - 89 years,170
WOODLANDS WEST,85 - 89 years,250
KHATIB,85 - 89 years,90
LOWER SELETAR,85 - 89 years,40
NEE SOON,85 - 89 years,10
NORTHLAND,85 - 89 years,180
SPRINGLEAF,85 - 89 years,30
YISHUN CENTRAL,85 - 89 years,20
YISHUN EAST,85 - 89 years,250
YISHUN SOUTH,85 - 89 years,320
YISHUN WEST,85 - 89 years,480
ANG MO KIO TOWN CENTRE,90 & Over,20
CHENG SAN,90 & Over,180
CHONG BOON,90 & Over,200
KEBUN BAHRU,90 & Over,160
SEMBAWANG HILLS,90 & Over,60
SHANGRI-LA,90 & Over,130
TAGORE,90 & Over,60
TOWNSVILLE,90 & Over,190
YIO CHU KANG,90 & Over,-
YIO CHU KANG EAST,90 & Over,30
YIO CHU KANG NORTH,90 & Over,-
YIO CHU KANG WEST,90 & Over,110
BAYSHORE,90 & Over,50
BEDOK NORTH,90 & Over,540
BEDOK RESERVOIR,90 & Over,80
BEDOK SOUTH,90 & Over,410
FRANKEL,90 & Over,290
KAKI BUKIT,90 & Over,190
KEMBANGAN,90 & Over,350
SIGLAP,90 & Over,70
BISHAN EAST,90 & Over,150
MARYMOUNT,90 & Over,150
UPPER THOMSON,90 & Over,260
LIU FANG,90 & Over,-
SAMULUN,90 & Over,-
SHIPYARD,90 & Over,-
TUKANG,90 & Over,-
BRICKWORKS,90 & Over,20
BUKIT BATOK CENTRAL,90 & Over,120
BUKIT BATOK EAST,90 & Over,60
BUKIT BATOK SOUTH,90 & Over,30
BUKIT BATOK WEST,90 & Over,80
GOMBAK,90 & Over,50
GUILIN,90 & Over,70
HILLVIEW,90 & Over,70
HONG KAH NORTH,90 & Over,90
ALEXANDRA HILL,90 & Over,170
ALEXANDRA NORTH,90 & Over,-
BUKIT HO SWEE,90 & Over,190
BUKIT MERAH,90 & Over,10
CITY TERMINALS,90 & Over,-
DEPOT ROAD,90 & Over,40
EVERTON PARK,90 & Over,80
HENDERSON HILL,90 & Over,150
KAMPONG TIONG BAHRU,90 & Over,100
MARITIME SQUARE,90 & Over,40
REDHILL,90 & Over,140
SINGAPORE GENERAL HOSPITAL,90 & Over,-
TELOK BLANGAH DRIVE,90 & Over,120
TELOK BLANGAH RISE,90 & Over,100
TELOK BLANGAH WAY,90 & Over,110
TIONG BAHRU,90 & Over,150
TIONG BAHRU STATION,90 & Over,140
BANGKIT,90 & Over,120
DAIRY FARM,90 & Over,20
FAJAR,90 & Over,70
JELEBU,90 & Over,110
NATURE RESERVE,90 & Over,20
SAUJANA,90 & Over,80
SENJA,90 & Over,70
ANAK BUKIT,90 & Over,150
CORONATION ROAD,90 & Over,50
FARRER COURT,90 & Over,40
HILLCREST,90 & Over,70
HOLLAND ROAD,90 & Over,70
LEEDON PARK,90 & Over,50
SWISS CLUB,90 & Over,60
ULU PANDAN,90 & Over,60
CENTRAL WATER CATCHMENT,90 & Over,-
CHANGI AIRPORT,90 & Over,-
CHANGI POINT,90 & Over,10
CHANGI WEST,90 & Over,-
CHANGI BAY,90 & Over,-
CHOA CHU KANG CENTRAL,90 & Over,70
CHOA CHU KANG NORTH,90 & Over,80
KEAT HONG,90 & Over,60
PENG SIANG,90 & Over,110
TECK WHYE,90 & Over,110
YEW TEE,90 & Over,100
CLEMENTI CENTRAL,90 & Over,110
CLEMENTI NORTH,90 & Over,230
CLEMENTI WEST,90 & Over,70
CLEMENTI WOODS,90 & Over,90
FABER,90 & Over,20
PANDAN,90 & Over,-
SUNSET WAY,90 & Over,30
TOH TUCK,90 & Over,-
WEST COAST,90 & Over,20
ANSON,90 & Over,-
BAYFRONT SUBZONE,90 & Over,-
BUGIS,90 & Over,20
CECIL,90 & Over,-
CENTRAL SUBZONE,90 & Over,-
CITY HALL,90 & Over,-
CLIFFORD PIER,90 & Over,-
MARINA CENTRE,90 & Over,-
MAXWELL,90 & Over,-
NICOLL,90 & Over,-
PHILLIP,90 & Over,-
RAFFLES PLACE,90 & Over,-
TANJONG PAGAR,90 & Over,30
ALJUNIED,90 & Over,390
GEYLANG EAST,90 & Over,210
KALLANG WAY,90 & Over,-
KAMPONG UBI,90 & Over,40
MACPHERSON,90 & Over,250
DEFU INDUSTRIAL PARK,90 & Over,-
HOUGANG CENTRAL,90 & Over,30
HOUGANG EAST,90 & Over,80
HOUGANG WEST,90 & Over,220
KANGKAR,90 & Over,120
KOVAN,90 & Over,180
LORONG AH SOO,90 & Over,180
LORONG HALUS,90 & Over,-
TAI SENG,90 & Over,120
TRAFALGAR,90 & Over,150
INTERNATIONAL BUSINESS PARK,90 & Over,-
JURONG GATEWAY,90 & Over,-
JURONG PORT,90 & Over,-
JURONG RIVER,90 & Over,-
LAKESIDE (BUSINESS),90 & Over,-
LAKESIDE (LEISURE),90 & Over,10
PENJURU CRESCENT,90 & Over,-
TEBAN GARDENS,90 & Over,80
TOH GUAN,90 & Over,50
YUHUA EAST,90 & Over,150
YUHUA WEST,90 & Over,100
BOON LAY PLACE,90 & Over,90
CHIN BEE,90 & Over,-
HONG KAH,90 & Over,180
JURONG WEST CENTRAL,90 & Over,120
KIAN TECK,90 & Over,-
SAFTI,90 & Over,-
TAMAN JURONG,90 & Over,110
WENYA,90 & Over,50
YUNNAN,90 & Over,190
BENDEMEER,90 & Over,370
BOON KENG,90 & Over,120
CRAWFORD,90 & Over,130
GEYLANG BAHRU,90 & Over,120
KALLANG BAHRU,90 & Over,-
KAMPONG BUGIS,90 & Over,10
KAMPONG JAVA,90 & Over,100
LAVENDER,90 & Over,90
TANJONG RHU,90 & Over,70
LIM CHU KANG,90 & Over,-
MANDAI EAST,90 & Over,-
MANDAI ESTATE,90 & Over,10
MANDAI WEST,90 & Over,-
MARINA EAST,90 & Over,-
MARINA SOUTH,90 & Over,-
EAST COAST,90 & Over,-
KATONG,90 & Over,90
MARINA EAST (MP),90 & Over,-
MARINE PARADE,90 & Over,320
MOUNTBATTEN,90 & Over,90
BRAS BASAH,90 & Over,-
DHOBY GHAUT,90 & Over,-
FORT CANNING,90 & Over,-
CAIRNHILL,90 & Over,30
GOODWOOD PARK,90 & Over,10
ISTANA NEGARA,90 & Over,-
MONK'S HILL,90 & Over,10
NEWTON CIRCUS,90 & Over,-
ORANGE GROVE,90 & Over,10
NORTH-EASTERN ISLANDS,90 & Over,-
BALESTIER,90 & Over,300
DUNEARN,90 & Over,40
MALCOLM,90 & Over,40
MOULMEIN,90 & Over,40
MOUNT PLEASANT,90 & Over,10
BOULEVARD,90 & Over,-
SOMERSET,90 & Over,-
TANGLIN,90 & Over,-
CHINA SQUARE,90 & Over,20
CHINATOWN,90 & Over,190
PEARL'S HILL,90 & Over,160
PEOPLE'S PARK,90 & Over,-
FLORA DRIVE,90 & Over,80
LOYANG EAST,90 & Over,10
LOYANG WEST,90 & Over,30
PASIR RIS CENTRAL,90 & Over,90
PASIR RIS DRIVE,90 & Over,190
PASIR RIS PARK,90 & Over,10
PASIR RIS WAFER FAB PARK,90 & Over,-
PASIR RIS WEST,90 & Over,110
AIRPORT ROAD,90 & Over,-
PAYA LEBAR EAST,90 & Over,-
PAYA LEBAR NORTH,90 & Over,-
PAYA LEBAR WEST,90 & Over,-
PLAB,90 & Over,-
BENOI SECTOR,90 & Over,-
GUL BASIN,90 & Over,-
GUL CIRCLE,90 & Over,-
JOO KOON,90 & Over,-
PIONEER SECTOR,90 & Over,-
CONEY ISLAND,90 & Over,-
MATILDA,90 & Over,80
NORTHSHORE,90 & Over,-
PUNGGOL CANAL,90 & Over,-
PUNGGOL FIELD,90 & Over,140
PUNGGOL TOWN CENTRE,90 & Over,30
WATERWAY EAST,90 & Over,70
COMMONWEALTH,90 & Over,100
DOVER,90 & Over,60
GHIM MOH,90 & Over,130
HOLLAND DRIVE,90 & Over,180
KENT RIDGE,90 & Over,-
MARGARET DRIVE,90 & Over,130
MEI CHIN,90 & Over,170
NATIONAL UNIVERSITY OF S'PORE,90 & Over,-
ONE NORTH,90 & Over,-
PASIR PANJANG 1,90 & Over,10
PASIR PANJANG 2,90 & Over,20
PORT,90 & Over,-
QUEENSWAY,90 & Over,-
SINGAPORE POLYTECHNIC,90 & Over,-
TANGLIN HALT,90 & Over,140
INSTITUTION HILL,90 & Over,10
LEONIE HILL,90 & Over,10
ONE TREE HILL,90 & Over,20
OXLEY,90 & Over,20
PATERSON,90 & Over,-
BENCOOLEN,90 & Over,30
FARRER PARK,90 & Over,40
KAMPONG GLAM,90 & Over,20
LITTLE INDIA,90 & Over,60
MACKENZIE,90 & Over,-
MOUNT EMILY,90 & Over,10
ROCHOR CANAL,90 & Over,-
SELEGIE,90 & Over,10
SUNGEI ROAD,90 & Over,20
VICTORIA,90 & Over,30
PULAU PUNGGOL BARAT,90 & Over,-
PULAU PUNGGOL TIMOR,90 & Over,-
SELETAR,90 & Over,-
SELETAR AEROSPACE PARK,90 & Over,-
ADMIRALTY,90 & Over,40
SEMBAWANG CENTRAL,90 & Over,90
SEMBAWANG EAST,90 & Over,20
SEMBAWANG NORTH,90 & Over,60
SEMBAWANG SPRINGS,90 & Over,60
SEMBAWANG STRAITS,90 & Over,10
SENOKO NORTH,90 & Over,-
SENOKO SOUTH,90 & Over,-
THE WHARVES,90 & Over,-
ANCHORVALE,90 & Over,90
COMPASSVALE,90 & Over,30
FERNVALE,90 & Over,170
LORONG HALUS NORTH,90 & Over,-
RIVERVALE,90 & Over,170
SENGKANG TOWN CENTRE,90 & Over,200
SENGKANG WEST,90 & Over,-
LORONG CHUAN,90 & Over,80
SELETAR HILLS,90 & Over,90
SERANGOON CENTRAL,90 & Over,150
SERANGOON GARDEN,90 & Over,360
SERANGOON NORTH,90 & Over,40
SERANGOON NORTH IND ESTATE,90 & Over,-
UPPER PAYA LEBAR,90 & Over,90
PULAU SELETAR,90 & Over,-
SIMPANG NORTH,90 & Over,-
SIMPANG SOUTH,90 & Over,-
TANJONG IRAU,90 & Over,-
BOAT QUAY,90 & Over,-
CLARKE QUAY,90 & Over,10
ROBERTSON QUAY,90 & Over,10
SENTOSA,90 & Over,-
SOUTHERN GROUP,90 & Over,-
STRAITS VIEW,90 & Over,-
GALI BATU,90 & Over,-
KRANJI,90 & Over,-
PANG SUA,90 & Over,-
RESERVOIR VIEW,90 & Over,-
TURF CLUB,90 & Over,10
SIMEI,90 & Over,220
TAMPINES EAST,90 & Over,580
TAMPINES NORTH,90 & Over,40
TAMPINES WEST,90 & Over,270
XILIN,90 & Over,-
CHATSWORTH,90 & Over,30
NASSIM,90 & Over,70
RIDOUT,90 & Over,20
TYERSALL,90 & Over,30
BRICKLAND,90 & Over,-
FOREST HILL,90 & Over,-
GARDEN,90 & Over,-
PARK,90 & Over,-
PLANTATION,90 & Over,-
TENGAH INDUSTRIAL ESTATE,90 & Over,-
BIDADARI,90 & Over,-
BOON TECK,90 & Over,180
BRADDELL,90 & Over,110
JOO SENG,90 & Over,70
KIM KEAT,90 & Over,60
LORONG 8 TOA PAYOH,90 & Over,80
PEI CHUN,90 & Over,90
POTONG PASIR,90 & Over,50
SENNETT,90 & Over,90
TOA PAYOH CENTRAL,90 & Over,220
TOA PAYOH WEST,90 & Over,140
WOODLEIGH,90 & Over,10
TENGEH,90 & Over,-
TUAS BAY,90 & Over,-
TUAS NORTH,90 & Over,-
TUAS PROMENADE,90 & Over,-
TUAS VIEW,90 & Over,-
TUAS VIEW EXTENSION,90 & Over,-
JURONG ISLAND AND BUKOM,90 & Over,-
SEMAKAU,90 & Over,-
SUDONG,90 & Over,-
BAHAR,90 & Over,-
CLEANTECH,90 & Over,-
MURAI,90 & Over,-
GREENWOOD PARK,90 & Over,-
MIDVIEW,90 & Over,110
NORTH COAST,90 & Over,50
SENOKO WEST,90 & Over,-
WOODGROVE,90 & Over,110
WOODLANDS EAST,90 & Over,170
WOODLANDS REGIONAL CENTRE,90 & Over,-
WOODLANDS SOUTH,90 & Over,60
WOODLANDS WEST,90 & Over,100
KHATIB,90 & Over,40
LOWER SELETAR,90 & Over,30
NEE SOON,90 & Over,10
NORTHLAND,90 & Over,100
SPRINGLEAF,90 & Over,20
YISHUN CENTRAL,90 & Over,10
YISHUN EAST,90 & Over,120
YISHUN SOUTH,90 & Over,170
YISHUN WEST,90 & Over,240
